SESHID,politics,harmed1,suffered1,violence1,differently1,rights1,unfairly1,betray1,friend1,loyalty1,rank1,duties1,respect1,disgust1,purity1,unnatural1,income2,education,gender,Age
209281,,4,4,6,5,6,5,4,4,4,4,4,2,4,4,4,,,-1,19
210723,,5,6,3,4,6,4,4,6,6,5,4,5,4,3,3,,,,26
209964,,4,5,6,5,5,5,5,4,5,4,5,5,4,3,4,,,-1,25
211909,,6,4,5,5,6,5,5,3,5,3,6,5,5,5,6,,14,1,32
209730,,6,6,6,6,6,6,6,1,1,6,6,6,6,6,6,,,,46
212024,,6,5,5,4,6,5,5,3,6,2,5,4,4,4,5,,,1,23
209514,,6,6,6,6,4,6,6,6,6,1,4,6,4,6,6,,,,40
209545,,4,4,4,4,5,5,2,3,2,1,3,4,3,4,4,,,1,23
209721,,6,6,6,6,1,1,1,1,1,1,1,1,6,1,1,,,1,45
210347,,5,4,6,5,3,4,4,4,5,2,4,2,4,3,3,,,,16
210713,,6,4,4,5,5,5,4,4,3,2,5,3,4,3,4,1,12,-1,25
211092,,6,3,6,5,6,6,4,2,5,5,4,2,3,5,4,,,,28
211866,,6,4,6,1,2,6,6,4,6,1,5,6,5,5,4,,,,39
212375,,6,6,6,6,6,6,6,6,5,4,5,5,5,5,3,,,1,31
213212,,6,5,6,5,6,4,4,4,3,4,4,3,2,3,6,,,1,37
213653,,5,4,5,4,4,5,6,3,6,6,5,3,1,1,1,,,-1,27
214473,,6,5,5,5,6,3,1,2,3,1,3,4,1,1,2,,,,25
214812,,5,6,6,6,6,5,2,3,5,5,5,2,5,4,6,,,,23
211038,-3,4,3,4,5,5,2,2,1,1,1,3,2,1,2,4,4,1,-1,34
208637,,,,,,,,,,,,,,,,,,,-1,44
209798,,,,,,,,,,,,,,,,,,,,21
213860,,,,,,,,,,,,,,,,,,,1,35
210164,-3,5,6,5,3,6,4,3,3,3,2,5,3,2,2,2,5,7,1,23
213348,-3,6,3,6,6,6,6,4,6,6,2,5,4,4,2,5,1,5,1,21
213789,-3,6,5,6,6,6,6,4,4,4,1,3,3,2,2,4,4,5,1,20
213873,-3,6,6,5,6,6,6,4,3,3,6,6,3,4,6,6,2,7,1,26
213568,-2,5,3,6,6,6,6,6,5,5,6,6,6,4,2,4,1,4,-1,19
209216,-2,5,5,6,4,6,6,4,1,3,1,6,2,1,3,1,2,5,1,18
209552,-2,6,6,6,6,6,6,5,4,4,6,6,5,4,5,6,,5,1,59
210088,-2,6,6,6,4,6,4,5,6,6,4,5,4,4,5,5,5,5,-1,21
215391,-2,5,6,5,4,6,6,3,2,4,1,4,1,2,1,5,2,4,1,22
214029,-2,4,4,6,5,5,5,3,3,3,4,5,3,3,3,6,4,9,1,43
213479,-1,6,6,6,5,6,4,5,4,3,3,3,3,3,5,6,3,5,1,27
212905,0,4,5,6,4,4,6,2,2,2,2,2,3,1,2,5,1,5,1,23
212171,0,6,4,4,3,5,1,6,4,6,5,5,3,3,3,6,,4,-1,27
212284,0,5,6,3,4,6,4,6,6,4,1,3,4,2,4,5,2,4,1,18
212873,0,4,3,2,3,6,3,3,2,2,2,2,3,2,1,3,1,5,-1,21
214786,0,6,5,6,5,5,4,3,5,5,3,4,4,4,4,6,,4,1,19
214993,0,6,6,4,4,5,6,5,3,4,1,3,4,2,3,3,2,5,-1,23
209155,2,4,4,6,4,6,5,5,6,6,3,5,5,4,3,3,2,7,1,22
209470,2,6,6,6,6,6,6,6,5,6,6,6,6,3,3,6,4,5,-1,56
212815,2,5,5,5,5,5,5,5,5,5,2,5,5,5,4,5,1,7,-1,27
215017,2,5,5,4,6,4,5,4,5,4,4,3,5,4,4,4,2,5,-1,19
215153,2,3,4,5,5,5,5,5,5,5,3,5,4,4,5,5,4,7,-1,36
214183,3,4,3,6,4,6,6,6,6,6,1,6,6,6,6,6,5,9,-1,63
214529,,6,4,3,5,6,3,2,6,2,4,3,2,2,3,5,5,3,-1,16
209313,-3,6,5,5,6,6,4,4,4,4,4,4,3,3,4,5,1,9,1,29
209475,-3,5,6,5,6,6,5,5,4,4,4,5,4,3,3,5,1,5,1,22
211808,-3,5,6,6,5,6,3,3,4,3,5,3,3,2,1,2,2,7,1,25
209722,-3,6,6,6,5,6,6,6,5,5,5,5,4,3,2,5,3,8,-1,34
209818,-3,5,6,6,5,6,4,3,2,2,2,4,2,1,2,3,1,7,1,23
210099,-3,5,4,5,4,5,4,2,3,2,4,2,2,2,2,4,4,9,-1,54
210165,-3,6,5,6,5,6,4,2,1,3,5,4,2,1,1,1,4,5,1,21
211642,-3,6,5,6,6,6,6,3,3,4,1,4,1,2,3,6,1,7,1,24
211942,-3,6,3,6,6,5,6,3,4,3,5,5,2,2,2,5,2,9,-1,32
214091,-3,4,3,6,5,6,4,3,2,4,3,4,3,3,4,4,1,5,1,27
214167,-3,5,4,5,4,5,3,3,4,3,3,3,2,2,2,3,2,4,-1,6
214407,-3,5,5,5,5,5,5,4,4,4,3,4,3,3,2,4,3,14,-1,48
214702,-3,6,5,6,5,6,4,4,4,4,5,4,4,4,4,6,2,9,1,47
209293,-2,6,5,6,5,6,6,2,3,4,3,6,3,2,2,2,3,7,1,43
209464,-2,6,6,6,6,5,5,3,2,5,1,2,3,2,1,3,2,9,1,38
209580,-2,6,6,6,6,6,5,6,4,5,4,5,6,4,4,5,2,7,1,49
209792,-2,6,5,6,5,6,6,3,4,5,2,5,2,4,3,4,2,7,-1,36
209825,-2,4,6,5,5,6,5,4,4,4,1,4,2,2,2,3,,4,1,17
209975,-2,6,6,5,5,6,6,5,5,4,4,6,4,3,3,3,1,7,1,24
210036,-2,4,4,5,5,5,4,3,1,3,3,3,3,4,2,5,3,8,1,40
210213,-2,5,5,4,5,6,3,4,3,4,2,2,4,1,2,5,4,3,1,17
210396,-2,6,4,6,4,6,3,4,4,5,4,5,4,4,3,6,1,8,-1,24
210482,-2,5,5,5,5,4,5,4,4,4,6,4,4,3,3,5,2,7,1,25
210677,-2,5,3,5,4,6,6,3,2,4,4,3,4,2,3,4,3,5,-1,32
210758,-2,5,5,6,5,6,6,4,6,5,3,3,5,3,2,4,1,7,1,23
211602,-2,5,4,5,6,6,4,3,5,4,2,5,2,2,5,5,4,6,-1,22
213414,-2,6,4,6,5,6,6,3,3,3,4,5,2,2,4,4,1,9,-1,29
212633,-2,6,5,5,6,6,6,3,6,4,2,5,5,3,5,5,4,4,1,19
212667,-2,6,5,6,5,5,5,3,4,4,4,6,5,4,4,5,1,5,1,34
213237,-2,6,6,6,6,6,5,5,4,5,4,5,4,4,5,6,3,9,-1,54
213676,-2,6,6,6,6,6,6,5,4,4,5,5,4,4,5,5,1,8,1,24
213665,-2,5,4,3,5,6,5,4,4,4,1,4,3,3,3,4,2,7,1,22
213731,-2,5,5,4,5,3,4,2,3,3,2,2,3,2,2,3,2,5,-1,21
213778,-2,6,6,6,6,4,4,6,6,6,4,6,6,6,1,6,,5,1,19
213786,-2,6,6,6,5,5,6,3,3,5,2,4,3,2,5,5,5,7,1,23
214256,-2,6,3,6,6,6,3,4,5,5,3,5,5,5,3,6,1,9,-1,26
215118,-2,4,6,6,6,6,6,4,4,4,3,4,5,4,4,5,1,5,1,20
210468,-1,6,6,6,6,6,6,4,3,4,1,3,6,4,6,6,2,,1,27
209243,-1,1,3,6,4,6,5,2,1,2,1,6,3,4,2,6,4,5,-1,19
210274,-1,5,3,4,4,5,5,4,6,3,4,3,3,4,3,4,,5,-1,20
211303,-1,6,5,6,6,5,5,6,5,4,6,6,6,4,5,4,1,4,1,18
211470,-1,5,5,6,5,5,6,6,2,5,4,3,6,2,2,4,5,7,1,40
212256,-1,6,6,5,6,6,6,2,5,6,6,4,2,2,3,6,3,5,1,41
212656,-1,5,5,5,4,5,5,3,5,3,3,3,3,3,4,4,2,5,-1,20
212831,-1,6,6,5,5,5,4,2,4,3,1,4,2,3,2,6,4,7,-1,34
214513,-1,6,5,1,3,6,6,6,6,5,5,5,4,4,4,4,2,5,1,19
214948,-1,5,3,5,4,5,5,5,4,6,4,3,3,2,4,3,3,5,-1,23
209379,0,6,6,6,6,6,4,4,6,5,4,4,4,2,5,6,,5,1,26
210052,0,5,5,2,5,6,6,5,6,6,6,6,6,2,2,5,1,5,-1,25
210338,0,5,5,6,6,6,4,5,5,4,4,4,5,5,4,4,,6,-1,44
211725,0,6,3,5,4,5,4,4,5,6,2,6,4,1,5,5,1,5,1,29
212226,0,3,6,5,5,5,5,5,4,4,3,5,3,3,4,2,3,5,1,33
212281,0,6,4,4,4,5,3,4,6,3,4,2,2,5,5,3,5,4,-1,20
212332,0,6,5,6,6,6,5,5,5,5,1,6,4,2,3,3,,2,-1,13
212338,0,2,2,5,2,6,5,5,2,4,1,3,2,2,4,2,4,5,1,33
212467,0,6,5,6,6,6,4,4,4,3,5,4,3,4,4,4,2,6,1,36
212586,0,6,5,5,6,6,5,5,2,3,2,6,3,3,3,3,3,5,1,67
212653,0,4,4,5,3,5,4,4,4,4,2,4,4,3,3,5,2,7,-1,28
212906,0,6,6,6,6,6,6,6,4,5,3,4,3,3,3,3,2,5,1,23
213288,0,2,5,4,5,5,4,4,4,6,4,4,3,4,3,4,1,4,-1,38
213986,0,5,5,5,5,5,4,3,3,3,3,5,4,3,4,2,4,12,-1,64
214079,0,6,6,6,6,6,6,1,3,3,1,3,3,3,3,6,3,5,-1,49
214235,0,6,3,5,2,5,2,2,4,2,2,3,1,2,2,2,1,5,-1,30
214782,0,5,4,5,,5,3,4,5,4,4,4,4,4,4,5,5,5,1,19
214925,0,5,4,5,2,6,3,3,6,3,2,5,5,2,4,5,,5,-1,19
209335,1,6,6,6,6,6,6,4,4,6,4,6,6,6,6,6,4,6,-1,58
211934,1,6,5,6,5,5,6,5,2,4,2,5,6,5,6,6,2,7,1,32
212493,1,5,4,4,4,6,4,4,5,5,4,6,5,5,4,5,4,10,-1,36
214590,1,4,4,4,5,6,5,4,4,4,3,4,3,4,4,3,5,9,1,48
214725,1,5,5,4,4,5,4,3,4,2,3,3,4,3,3,4,4,5,-1,20
212800,2,6,4,6,6,6,6,6,2,4,3,6,6,4,6,6,3,5,-1,45
210382,2,6,6,6,5,6,6,4,5,4,3,4,3,3,6,5,2,5,1,23
214763,2,5,4,5,4,5,3,2,4,4,2,6,3,4,4,5,3,6,1,70
214921,2,6,2,4,4,6,3,4,3,3,2,5,3,3,2,3,2,7,-1,22
213739,3,4,4,4,5,5,5,3,4,4,1,5,5,2,5,6,1,7,1,22
213756,3,6,4,6,6,4,6,6,1,6,1,6,6,4,6,6,4,5,-1,50
210555,,4,4,4,3,6,3,2,5,4,1,4,2,2,1,4,1,5,1,24
210563,,6,5,6,4,6,5,5,4,4,2,6,5,3,5,6,,5,-1,23
211748,,4,6,5,5,3,4,5,6,5,1,2,5,3,1,4,,4,1,19
212797,,5,1,2,2,3,2,2,5,4,1,6,1,1,2,5,,,1,22
213536,,5,5,6,5,5,4,3,4,5,3,4,3,3,4,5,,5,1,20
213726,,5,5,5,5,5,5,4,5,3,2,3,3,2,2,5,4,3,1,17
213891,,6,3,5,4,5,4,3,4,3,4,2,2,2,1,3,,8,-1,29
214751,,6,5,5,6,6,5,3,2,4,2,5,5,2,2,5,3,5,1,36
209753,-3,6,6,6,6,6,5,3,4,4,2,4,3,4,5,4,,3,-1,16
210107,-3,4,4,6,6,6,6,6,6,4,2,6,5,3,4,3,,5,1,23
214180,-3,6,6,6,6,6,6,5,1,5,1,6,1,4,2,5,4,10,1,46
209158,-3,6,6,4,6,6,6,4,1,3,5,4,4,4,4,4,4,12,1,43
209310,-3,6,4,6,4,6,6,6,4,6,6,5,2,3,3,5,1,9,1,25
209315,-3,4,3,5,6,6,6,5,4,5,2,6,5,4,3,3,,7,1,21
209334,-3,3,1,6,3,6,6,1,1,4,1,6,3,1,1,1,2,5,-1,28
209340,-3,6,6,6,6,6,5,4,3,4,3,3,4,2,2,5,4,9,1,27
209419,-3,6,5,6,5,6,6,4,5,4,3,5,4,4,3,4,3,9,1,50
209555,-3,6,6,6,6,6,6,5,2,4,5,4,3,4,1,6,3,7,1,30
210425,-3,5,5,6,6,6,6,4,2,5,2,5,2,1,1,1,,5,-1,25
209782,-3,6,6,6,6,6,6,5,4,5,6,3,3,1,1,6,2,12,1,38
209786,-3,5,5,6,6,6,5,3,1,3,2,4,2,3,3,4,,7,1,23
209799,-3,6,6,6,6,6,6,3,5,2,1,3,3,4,3,3,1,5,-1,21
209940,-3,6,6,6,6,6,5,4,1,3,1,4,2,2,4,3,2,7,1,37
210096,-3,6,3,4,3,5,4,2,3,3,4,3,1,2,1,2,1,5,-1,40
210136,-3,6,6,6,6,6,6,6,3,3,6,2,3,3,2,3,4,12,1,42
210193,-3,6,3,6,5,5,4,1,2,4,2,6,1,1,2,2,4,7,-1,30
210228,-3,6,6,6,6,6,6,3,1,2,6,6,4,3,3,2,3,9,1,41
210273,-3,5,5,3,4,4,4,4,5,2,3,2,1,3,4,5,5,,-1,19
210288,-3,6,5,6,6,6,6,4,3,4,1,4,2,4,1,4,,9,1,49
210360,-3,6,6,6,6,6,6,2,2,2,4,2,1,2,1,1,2,5,1,20
210495,-3,6,5,5,6,6,5,5,1,5,4,5,4,5,5,5,2,5,1,43
210513,-3,5,5,5,5,5,5,5,3,4,2,2,3,4,4,5,1,5,1,21
210545,-3,6,2,4,4,5,4,3,3,3,4,3,2,2,3,4,1,5,-1,22
210670,-3,6,5,6,6,6,5,3,5,4,1,6,3,2,4,3,3,7,1,33
213279,-3,6,6,6,6,6,6,4,3,6,4,4,5,2,3,1,1,7,1,25
211182,-3,5,4,5,5,5,4,3,3,5,2,5,2,4,4,5,3,9,1,53
211228,-3,6,6,6,6,6,6,4,2,4,1,4,3,1,4,1,2,5,1,33
211504,-3,6,5,6,5,6,6,5,3,2,4,5,3,4,5,6,1,8,1,57
211605,-3,6,6,6,6,6,6,1,1,6,1,3,1,1,1,1,1,9,1,25
211762,-3,6,6,6,6,6,6,4,4,6,1,5,2,4,3,6,2,8,1,41
211796,-3,6,4,5,5,6,5,4,4,4,4,5,3,2,3,3,4,12,-1,56
211888,-3,5,6,5,6,6,6,2,2,2,4,1,3,1,4,4,1,5,1,23
211941,-3,6,5,6,5,6,6,3,2,6,5,6,5,2,2,6,3,7,-1,26
212060,-3,3,3,1,6,6,6,2,1,3,1,1,1,1,4,1,3,9,-1,29
212245,-3,6,5,6,5,6,4,4,2,4,4,4,2,2,2,4,4,7,1,28
212289,-3,5,5,3,5,6,5,4,4,3,5,4,5,3,3,3,1,7,-1,23
212339,-3,6,6,6,4,6,5,3,3,5,4,4,2,5,3,3,3,9,-1,33
212361,-3,6,6,5,5,5,6,3,4,4,1,5,4,3,3,3,1,8,-1,24
212601,-3,5,4,5,5,6,5,4,4,4,2,5,3,4,3,3,,7,1,58
212663,-3,6,6,5,4,5,4,2,3,3,2,2,2,2,2,3,3,5,1,22
212695,-3,6,6,6,5,6,4,6,6,5,5,4,1,3,2,5,,7,1,25
212834,-3,6,6,6,6,6,5,2,4,4,1,3,4,2,5,5,,4,1,19
212758,-3,6,5,5,5,4,5,3,1,2,1,2,1,3,1,2,5,7,-1,34
213070,-3,6,6,6,6,6,6,4,4,2,3,6,2,2,3,5,1,7,1,23
213125,-3,6,4,6,5,6,5,4,2,5,5,5,4,6,6,6,3,5,1,60
213200,-3,6,5,5,5,5,5,1,3,3,1,2,2,2,2,3,4,7,-1,37
213204,-3,6,6,5,5,5,5,2,5,3,5,3,2,2,4,5,3,12,1,37
213365,-3,4,4,5,4,6,4,2,4,5,2,4,2,4,3,3,3,3,1,18
213525,-3,5,4,3,5,6,4,2,4,2,5,4,3,4,2,4,2,10,1,36
213604,-3,6,4,6,5,6,5,4,4,5,2,3,2,2,1,3,1,12,1,59
213617,-3,6,6,6,4,6,6,5,4,4,1,4,3,3,2,4,2,6,1,28
213659,-3,6,1,6,6,6,6,1,1,6,1,6,1,1,1,6,5,7,-1,28
213796,-3,5,5,5,5,5,5,3,3,4,4,3,2,2,3,4,2,5,-1,24
213804,-3,6,5,5,5,5,5,2,2,3,5,3,4,2,4,2,4,9,1,47
213823,-3,6,5,6,5,5,5,4,2,4,3,3,3,2,2,2,1,9,1,26
213918,-3,6,6,6,4,6,4,2,2,2,3,3,5,2,2,6,4,7,1,47
214012,-3,6,6,6,6,6,6,3,3,3,4,3,2,2,3,3,,8,1,25
214014,-3,5,6,5,6,6,6,5,4,5,5,4,1,1,1,2,1,8,1,25
214013,-3,6,6,5,4,4,6,2,5,5,1,3,3,2,1,6,1,7,-1,26
214098,-3,6,3,6,5,6,3,3,1,2,3,5,3,1,3,1,4,12,1,31
214120,-3,6,6,6,6,5,5,4,6,5,1,3,4,2,3,5,4,5,1,19
214422,-3,5,5,6,6,6,6,4,6,5,6,5,4,5,5,5,,9,-1,30
214443,-3,6,6,6,6,5,6,4,6,5,6,5,4,5,4,5,,7,-1,54
214499,-3,6,5,5,5,6,5,3,4,2,5,3,2,2,2,2,1,5,-1,22
214712,-3,6,6,6,6,6,6,5,5,6,3,6,5,5,1,6,2,4,1,38
214817,-3,6,4,6,6,6,6,4,6,3,1,6,1,6,4,4,4,7,-1,40
214757,-3,6,5,6,4,5,6,4,3,3,1,4,2,4,4,4,1,5,-1,29
214787,-3,6,6,6,6,6,6,2,1,2,5,6,3,4,4,4,2,7,1,29
214873,-3,6,6,5,5,5,5,4,2,4,1,5,4,3,2,2,5,12,1,47
215011,-3,6,6,6,6,6,2,4,4,1,1,4,1,3,3,5,2,7,-1,33
215098,-3,6,5,6,5,6,4,5,4,5,3,5,4,6,3,5,2,9,-1,34
215134,-3,4,6,6,6,6,6,3,3,4,1,5,2,2,3,2,2,5,1,30
215180,-3,5,5,4,6,5,6,3,6,3,2,5,4,2,4,5,4,8,-1,29
215198,-3,5,2,5,3,6,4,2,2,2,2,5,4,2,2,4,4,5,1,19
215214,-3,6,6,6,6,6,6,3,4,4,1,4,1,4,6,6,3,7,1,24
215256,-3,6,4,3,5,6,2,2,2,3,3,2,3,2,2,2,1,7,1,23
215419,-3,6,6,6,6,6,5,4,4,4,2,6,5,1,3,2,3,8,-1,28
215468,-3,5,5,5,5,5,6,2,3,5,1,2,1,,1,,,5,1,21
211235,-2,6,6,6,6,5,6,2,4,4,1,4,4,6,6,6,,9,1,29
212907,-2,5,4,5,3,5,4,1,1,1,2,4,4,1,1,1,5,12,-1,40
210209,-2,6,6,6,6,6,6,6,4,5,1,6,6,4,4,5,,5,1,21
213680,-2,6,6,6,6,6,6,5,4,5,5,6,5,6,3,4,4,8,1,57
209283,-2,4,3,5,4,5,5,3,2,3,3,6,5,2,3,2,3,9,-1,24
209395,-2,6,6,5,5,5,6,4,3,5,3,3,4,2,4,3,2,6,1,30
209424,-2,6,6,6,5,6,5,2,5,5,1,6,5,3,4,3,2,7,1,35
209537,-2,6,4,5,5,6,,4,2,3,4,5,5,4,3,4,4,5,-1,29
209596,-2,6,5,6,5,5,5,5,5,5,5,5,5,5,5,6,4,7,-1,32
209611,-2,6,5,5,5,5,5,4,3,3,5,5,4,2,3,3,1,8,-1,23
209650,-2,3,6,6,5,6,5,4,3,4,4,4,6,3,4,5,1,6,1,24
209718,-2,6,6,6,5,5,6,4,2,5,1,6,5,5,5,6,4,5,1,41
209735,-2,6,5,4,4,6,5,4,2,3,1,4,2,3,2,5,4,7,1,32
209854,-2,2,4,3,5,5,4,1,2,4,1,4,4,3,6,4,3,5,-1,28
209879,-2,6,5,5,5,5,5,3,4,4,3,4,4,3,3,3,3,8,1,36
211873,-2,5,,6,3,6,5,2,3,5,3,5,4,4,4,4,2,7,1,24
209989,-2,6,2,5,2,4,2,2,3,2,2,5,2,2,2,2,4,9,1,44
210071,-2,6,5,6,5,6,5,2,3,5,3,6,5,3,3,2,5,10,-1,59
210101,-2,6,4,5,4,6,4,4,1,4,2,5,4,4,6,4,3,12,-1,46
210166,-2,4,3,4,3,4,4,4,4,4,3,4,2,4,3,4,5,10,-1,34
210184,-2,6,5,5,5,6,6,4,5,3,4,4,3,4,6,5,,7,1,21
210217,-2,6,6,6,6,5,5,2,1,3,2,3,1,1,2,2,4,9,-1,31
210197,-2,6,6,6,6,6,6,5,5,4,2,5,6,4,3,6,4,5,1,21
210208,-2,5,4,3,6,6,4,2,4,2,1,4,2,2,1,4,3,4,1,24
210230,-2,4,4,6,6,6,6,2,1,5,2,6,6,4,1,4,1,7,1,25
210278,-2,6,6,6,6,6,6,3,3,6,6,6,6,2,6,6,4,10,1,57
210281,-2,1,1,1,1,1,1,1,1,1,1,1,1,1,1,1,1,5,-1,21
210296,-2,5,5,5,6,6,5,5,3,4,6,4,6,4,4,5,4,5,-1,20
210325,-2,6,5,5,5,6,6,5,4,5,3,5,3,3,3,4,4,5,1,19
210361,-2,6,6,6,5,6,5,2,6,3,2,3,2,3,3,6,1,5,1,28
210393,-2,6,4,5,5,6,4,2,2,4,1,5,4,4,3,4,1,5,-1,28
210477,-2,6,6,6,4,5,5,2,5,2,6,2,5,5,5,4,3,5,1,23
210481,-2,5,3,4,6,6,6,2,2,3,1,5,5,1,4,5,1,5,-1,25
210491,-2,5,4,6,5,5,4,5,5,3,3,5,4,4,3,4,2,4,1,18
210502,-2,6,5,6,5,6,5,3,4,5,1,5,3,4,4,6,2,7,1,27
210511,-2,6,4,6,4,5,6,3,2,4,2,3,4,3,5,4,4,9,-1,58
210537,-2,6,4,6,4,3,5,2,5,6,2,3,2,4,4,3,1,7,1,30
210637,-2,6,6,6,4,6,5,6,1,3,1,4,2,2,2,2,3,7,1,49
210986,-2,6,6,6,6,6,6,6,3,6,3,3,1,2,1,3,1,5,-1,25
211231,-2,5,5,6,6,6,6,3,4,3,2,5,6,6,4,5,,3,-1,20
211226,-2,6,6,6,6,6,6,3,4,6,3,6,3,4,3,6,2,9,1,32
211229,-2,3,4,4,3,4,5,4,1,4,1,4,6,4,5,5,4,10,-1,49
211282,-2,6,5,6,6,6,6,4,4,1,1,6,4,1,1,4,1,10,-1,25
211326,-2,6,6,6,4,3,6,5,6,6,2,6,4,6,3,3,1,9,1,25
211331,-2,6,2,6,6,6,1,6,1,6,1,6,3,6,1,6,4,5,1,54
211401,-2,4,2,4,3,5,3,3,6,2,2,5,3,2,3,4,2,7,-1,23
211501,-2,1,4,6,6,6,6,4,1,6,1,6,2,3,3,3,1,7,-1,30
211502,-2,6,5,6,6,6,5,1,4,4,5,5,2,2,4,3,4,12,1,43
211644,-2,4,4,6,6,6,6,3,2,3,2,6,5,2,4,2,4,8,1,51
211587,-2,3,3,2,4,4,4,2,4,2,3,3,1,2,2,2,3,7,1,26
211620,-2,4,4,5,4,5,5,4,4,5,4,4,5,4,4,5,4,9,1,37
211628,-2,5,4,5,5,6,4,4,5,3,1,4,4,2,2,5,3,7,-1,31
211726,-2,6,4,6,2,4,5,4,5,4,3,6,4,4,6,5,,2,-1,14
211702,-2,1,5,4,5,6,5,2,1,3,5,2,4,2,2,2,4,7,1,25
211746,-2,6,6,6,4,6,6,6,6,4,1,6,6,6,4,6,2,9,1,34
211760,-2,6,5,6,6,6,4,5,3,3,3,5,3,3,2,3,1,6,1,21
211763,-2,6,5,6,5,6,5,3,2,4,5,4,3,4,4,3,2,7,1,26
211766,-2,6,5,5,5,6,6,3,2,5,3,6,5,4,2,6,4,9,-1,41
211779,-2,3,6,6,6,4,2,1,4,5,1,4,1,3,3,5,3,7,-1,33
211816,-2,5,6,5,6,6,4,5,3,5,2,4,3,4,3,4,,7,-1,22
211821,-2,5,4,6,4,4,5,4,4,4,2,5,3,4,4,5,4,7,-1,25
211836,-2,6,5,6,6,6,6,4,6,5,3,5,5,3,3,3,3,5,1,23
211874,-2,6,6,6,6,6,6,6,1,6,1,6,6,4,6,6,4,7,-1,26
213852,-2,6,5,4,4,6,5,3,2,3,4,4,2,2,3,3,3,12,-1,34
211933,-2,4,3,6,4,6,3,3,4,4,2,4,1,3,2,3,,5,-1,19
211986,-2,6,6,3,6,6,6,3,1,3,3,6,2,3,3,4,2,9,1,38
212053,-2,6,6,6,5,6,6,2,2,4,1,3,2,1,2,2,4,12,-1,59
212063,-2,6,6,6,6,6,6,1,1,1,1,6,1,1,1,1,2,9,-1,50
212136,-2,5,4,5,5,5,4,3,5,4,3,4,3,4,5,4,4,5,1,21
212149,-2,6,4,6,5,6,5,4,2,3,5,4,3,2,2,3,2,7,-1,30
212195,-2,6,6,5,6,6,5,6,2,5,1,5,2,2,1,4,4,5,-1,37
212264,-2,6,5,6,5,6,6,2,2,2,3,5,3,2,2,4,2,8,1,26
212233,-2,5,5,4,4,5,5,4,5,3,3,5,4,3,4,5,5,3,1,18
212252,-2,4,4,4,4,6,6,2,2,2,2,3,2,2,2,2,5,10,-1,37
212263,-2,6,4,5,4,6,6,5,5,6,4,4,2,3,4,4,5,14,-1,36
212424,-2,4,2,6,5,6,6,2,1,2,4,2,2,1,1,5,2,7,1,56
212494,-2,6,6,6,6,6,6,4,4,5,4,5,6,5,4,6,5,7,-1,53
212522,-2,5,5,5,5,5,5,3,4,3,3,3,5,4,2,5,4,8,1,30
212543,-2,6,5,6,5,6,6,4,4,4,3,5,4,2,2,3,4,5,1,21
212564,-2,6,5,6,6,6,5,5,1,4,1,6,4,4,4,6,2,5,1,30
212602,-2,6,4,6,4,5,4,3,4,3,3,4,3,4,2,5,2,5,-1,20
212616,-2,6,4,6,6,6,6,4,4,5,4,6,3,4,6,6,1,5,-1,28
212646,-2,4,6,6,6,6,6,3,1,3,2,5,2,1,1,2,1,5,-1,22
212648,-2,5,4,5,6,6,5,5,4,5,6,5,5,4,6,6,1,8,1,39
212658,-2,6,3,4,6,6,6,6,1,6,1,6,6,6,4,5,5,1,1,61
212698,-2,6,6,6,6,6,6,3,4,6,3,6,3,4,4,6,3,7,-1,23
212714,-2,6,5,6,5,6,5,4,3,5,1,4,2,3,2,5,2,7,1,29
212849,-2,6,6,5,5,5,6,6,3,6,1,5,3,2,2,4,1,7,-1,28
212773,-2,5,5,5,4,5,5,2,4,3,4,4,2,4,6,3,3,7,1,37
212828,-2,6,5,6,4,6,4,4,4,4,4,4,3,3,3,4,3,9,1,39
212882,-2,6,5,5,5,5,5,3,4,4,4,3,3,3,3,4,,13,1,56
212903,-2,5,4,5,6,6,6,2,4,3,2,5,4,1,2,3,4,9,-1,28
212912,-2,6,6,6,4,6,6,4,3,5,2,5,3,6,5,4,4,8,-1,45
212916,-2,6,6,6,6,6,6,3,4,6,4,5,4,3,5,4,4,6,-1,22
213143,-2,6,6,5,4,4,5,5,4,5,1,4,5,4,4,6,3,6,1,46
213227,-2,6,6,6,6,6,6,2,3,4,4,5,2,1,2,2,4,7,1,26
213229,-2,5,4,4,3,6,5,3,5,3,1,4,3,3,3,2,,7,-1,27
213249,-2,4,5,5,5,6,5,2,4,2,5,1,3,1,2,3,5,5,1,19
213254,-2,6,6,6,6,6,6,5,4,6,1,6,4,3,3,4,4,7,1,23
213300,-2,5,6,6,6,6,6,6,5,5,5,5,4,2,1,4,3,5,-1,31
213520,-2,6,6,6,6,6,5,4,2,4,4,6,3,4,2,2,4,7,1,27
213542,-2,6,6,6,5,6,6,5,5,4,1,5,3,5,5,6,3,9,1,31
213555,-2,6,6,6,6,6,6,6,4,4,3,4,6,4,4,6,2,5,1,29
213581,-2,6,6,6,5,6,6,4,3,5,3,5,3,4,3,5,1,7,1,24
213608,-2,6,4,6,4,6,4,5,6,5,2,4,4,3,4,4,1,12,-1,29
213658,-2,6,6,6,4,6,6,4,4,4,2,4,2,1,2,1,5,7,-1,23
213678,-2,6,4,5,4,5,5,2,4,2,4,3,3,1,1,1,5,9,1,52
213670,-2,6,5,5,3,6,3,3,3,2,1,4,4,2,2,4,3,9,1,42
213683,-2,6,3,6,4,6,6,3,1,3,1,3,5,3,6,2,2,8,1,24
213733,-2,6,5,4,5,6,5,5,3,6,3,6,4,3,3,4,1,8,1,28
213790,-2,4,4,6,6,6,4,2,5,4,2,4,5,2,3,3,1,7,1,22
213875,-2,5,5,5,6,5,6,5,5,5,4,5,4,3,4,2,2,5,1,23
213921,-2,5,4,5,4,5,4,2,3,2,1,4,2,2,1,2,1,7,-1,24
213941,-2,6,6,6,6,6,6,5,3,5,1,5,5,3,5,5,,5,1,21
213968,-2,6,4,4,5,6,5,2,5,3,1,5,5,3,2,4,3,4,-1,19
214021,-2,3,2,5,6,5,6,1,2,5,2,6,2,3,2,3,3,8,1,42
214025,-2,6,4,6,5,6,4,3,5,2,2,2,3,2,4,3,,7,-1,26
214058,-2,6,4,6,5,6,6,6,2,6,1,6,6,5,3,4,2,8,-1,28
214095,-2,4,4,6,6,6,5,3,1,2,4,4,5,2,2,3,3,9,1,50
214131,-2,6,6,6,6,6,6,6,4,5,4,4,4,6,6,6,2,7,1,24
214214,-2,6,5,5,5,6,5,3,4,3,2,3,1,1,1,2,1,7,1,25
214245,-2,6,4,6,4,6,4,1,1,1,1,4,1,1,2,1,2,9,-1,33
214417,-2,6,5,6,5,6,5,2,5,5,2,5,2,2,3,3,3,8,-1,39
214468,-2,6,6,6,6,6,5,1,1,3,1,2,5,2,1,5,4,12,1,42
214495,-2,6,5,6,6,6,5,4,5,5,3,5,5,3,3,3,1,7,-1,35
214502,-2,5,5,4,6,6,5,3,3,4,4,3,4,2,1,2,2,9,1,32
214521,-2,6,5,6,6,5,5,3,2,5,2,5,6,4,5,5,2,7,-1,24
214526,-2,6,6,6,6,6,5,4,3,6,3,3,5,3,3,4,2,8,1,24
214539,-2,6,5,6,6,5,6,2,2,3,4,5,5,2,3,3,5,5,-1,21
214561,-2,6,4,6,4,5,4,3,4,4,1,5,4,6,4,4,2,6,1,42
214599,-2,6,4,5,6,6,5,2,3,5,1,6,3,3,2,2,2,9,1,37
214671,-2,5,4,5,5,5,4,4,4,4,2,4,3,3,3,3,5,7,1,31
214722,-2,5,6,6,6,6,5,4,6,5,2,5,5,5,3,3,4,4,1,38
214755,-2,6,6,6,6,6,6,5,3,3,3,3,2,3,2,3,3,9,1,50
214758,-2,6,5,6,6,6,6,2,6,2,2,4,4,3,5,3,4,7,-1,50
214871,-2,4,4,3,5,6,4,4,2,4,3,6,5,4,4,5,4,5,1,20
214899,-2,6,4,6,4,5,4,2,3,4,1,5,2,3,1,4,3,9,-1,31
214922,-2,6,3,6,4,5,6,3,2,3,1,3,3,3,3,3,3,12,1,44
214932,-2,6,6,4,6,6,5,4,1,3,4,6,4,2,2,3,3,9,-1,54
214981,-2,6,5,5,3,5,5,3,3,4,1,3,4,4,5,5,5,7,1,39
215029,-2,6,6,6,5,6,5,4,5,6,4,5,5,4,4,6,1,8,1,26
215055,-2,6,5,6,6,6,5,4,2,3,1,4,4,5,3,5,4,9,1,52
215082,-2,5,6,5,4,4,4,5,5,4,2,4,3,4,3,3,2,7,-1,26
215113,-2,5,5,6,6,5,6,4,4,4,4,5,4,3,3,5,3,9,1,51
215117,-2,5,5,4,5,3,4,5,6,3,3,5,5,5,6,6,3,7,1,30
215141,-2,3,5,3,5,4,4,4,4,4,4,4,4,5,3,3,3,8,1,49
215151,-2,6,6,6,6,6,4,4,3,4,6,4,3,4,3,3,2,4,1,19
215470,-2,5,4,4,6,6,6,4,3,4,3,4,4,4,4,5,5,5,1,21
215480,-2,4,4,6,6,6,6,3,2,3,1,4,2,1,2,2,4,9,1,30
214551,-1,4,5,3,5,6,5,5,4,6,4,3,1,4,3,3,1,4,-1,25
210903,-1,5,5,6,6,6,6,6,3,6,1,6,5,5,3,4,3,7,1,35
209259,-1,6,4,6,5,6,6,5,5,5,4,5,3,3,4,5,1,6,-1,28
209267,-1,4,2,4,5,3,4,4,4,3,6,4,4,3,4,6,1,7,-1,27
209350,-1,3,5,3,5,5,5,2,2,2,2,4,3,3,5,5,4,5,1,19
209510,-1,2,1,6,1,2,1,1,1,1,6,3,6,6,1,1,3,3,-1,18
209711,-1,6,5,6,5,5,4,4,5,2,2,2,2,2,2,4,4,8,1,40
209819,-1,5,2,4,4,5,5,3,4,5,2,3,2,2,2,4,4,7,-1,19
209838,-1,6,5,6,6,6,6,4,3,4,3,6,3,3,5,6,1,5,1,23
210046,-1,6,4,6,4,5,4,4,2,4,1,3,4,4,5,4,1,5,1,21
210115,-1,6,3,5,5,6,5,4,4,3,5,5,4,3,4,4,3,7,1,23
210155,-1,6,6,5,6,5,5,5,4,6,3,5,3,4,4,3,1,9,-1,24
210181,-1,2,3,4,5,4,5,3,2,4,1,2,3,2,2,4,5,8,-1,47
210978,-1,3,5,2,5,5,6,4,5,5,1,3,2,2,1,1,2,6,-1,32
211693,-1,5,4,6,5,6,4,3,3,3,3,5,4,2,5,4,2,5,-1,32
212333,-1,6,6,6,6,6,6,6,6,6,1,6,6,6,6,6,2,5,1,51
212471,-1,6,6,6,5,6,6,3,3,6,1,2,2,2,6,6,2,7,1,27
212608,-1,6,5,5,6,6,5,5,2,5,1,6,4,2,5,3,4,7,1,35
213040,-1,4,5,5,5,5,4,4,5,5,4,5,5,3,5,5,,5,1,24
213182,-1,6,6,6,6,6,5,3,6,3,4,6,4,2,3,5,,6,-1,20
213408,-1,4,5,5,5,5,5,4,5,4,3,4,4,3,4,3,5,5,-1,29
214078,-1,6,6,6,6,6,6,3,1,4,1,4,4,2,4,5,1,5,1,20
213844,-1,6,4,5,5,3,6,2,5,4,2,3,1,3,4,4,,3,1,19
213951,-1,5,3,4,4,4,4,3,4,5,3,5,4,1,2,5,1,8,-1,23
214122,-1,6,4,5,5,5,5,4,2,5,2,4,3,1,2,4,2,7,-1,27
214225,-1,6,1,2,5,6,6,1,2,3,1,2,2,2,4,3,1,9,-1,27
214238,-1,6,6,6,6,6,4,5,1,4,2,5,5,2,1,5,5,9,-1,37
214339,-1,4,4,5,6,5,6,2,4,4,2,5,2,2,3,2,5,14,-1,55
214640,-1,6,4,6,5,6,4,4,1,6,2,6,1,5,3,1,3,6,1,38
214771,-1,6,6,6,6,6,6,4,3,3,3,5,6,4,6,6,5,8,1,25
214847,-1,6,4,6,5,6,5,4,6,3,4,5,5,3,3,3,1,9,1,27
214901,-1,5,2,6,4,5,5,5,2,6,2,4,5,5,5,5,4,10,1,43
215002,-1,6,4,6,6,6,6,6,4,2,2,5,6,5,6,6,3,6,-1,27
215036,-1,5,3,6,4,6,5,4,4,4,2,6,3,4,4,3,3,7,-1,31
215569,-1,6,6,6,4,6,4,6,6,6,6,3,2,3,2,4,3,5,-1,63
210770,0,6,6,6,6,6,6,4,4,3,1,4,6,4,4,5,4,9,-1,34
213720,0,5,5,6,5,6,5,4,4,4,2,4,4,5,6,6,,4,1,20
209206,0,6,6,6,6,6,6,6,6,6,6,6,5,5,5,6,2,9,1,29
211671,0,6,6,6,6,6,5,4,5,5,1,5,2,3,3,4,,3,1,18
209251,0,5,4,6,4,6,6,1,1,6,1,6,1,4,4,6,4,5,-1,44
209386,0,5,5,5,4,5,6,4,4,4,5,3,3,2,2,4,5,12,1,34
209523,0,6,6,6,6,5,6,6,5,6,4,6,5,5,5,4,2,7,1,23
209549,0,6,5,6,4,5,6,5,5,4,3,5,4,6,5,6,,5,1,22
209559,0,5,4,6,4,5,4,4,2,4,1,3,2,3,3,4,3,7,1,28
209581,0,6,3,3,5,2,5,2,4,2,1,2,1,2,2,3,1,5,1,28
209631,0,5,4,4,5,4,5,3,3,3,2,3,3,2,2,4,,5,1,19
209803,0,6,4,6,4,4,6,4,6,6,4,6,5,3,4,4,5,3,-1,21
209805,0,6,6,6,6,6,6,6,4,6,5,6,6,6,6,6,1,7,-1,24
210057,0,6,6,6,5,5,5,4,4,3,5,4,6,4,4,6,2,6,1,25
210129,0,4,2,5,2,4,2,4,5,4,3,5,3,3,2,3,4,7,1,37
210137,0,6,6,5,3,6,6,5,6,6,3,4,3,1,4,3,3,5,1,23
210225,0,3,6,6,5,5,6,3,3,4,1,3,3,3,6,3,1,7,1,23
210261,0,6,6,6,6,6,6,6,6,6,3,6,6,4,6,2,5,7,1,57
210294,0,6,5,6,4,6,4,4,6,4,2,5,5,4,6,5,5,5,1,39
210298,0,5,6,6,5,6,6,6,5,5,4,6,5,4,6,5,4,4,1,19
210326,0,6,6,6,6,6,6,3,6,6,3,6,4,6,4,5,,5,1,25
210335,0,6,5,6,5,5,5,6,4,6,1,6,3,4,5,4,1,5,,19
210344,0,6,6,6,6,6,5,6,5,5,1,5,2,5,3,6,1,9,1,35
214015,0,6,6,6,6,6,6,6,1,6,4,6,6,4,4,6,2,5,-1,39
210426,0,6,6,6,6,6,6,1,1,2,1,5,1,2,2,5,3,7,1,44
210489,0,6,6,6,6,6,6,6,6,6,1,6,6,6,6,4,,5,1,20
210465,0,3,2,5,2,1,2,2,1,4,1,4,5,5,3,4,2,4,1,45
210567,0,6,6,6,6,6,6,6,6,6,1,5,1,5,6,6,,5,1,21
210575,0,4,3,5,4,5,6,3,2,3,2,5,3,2,2,3,,5,-1,20
210858,0,4,2,4,3,5,4,2,2,3,2,3,2,2,3,2,,4,1,19
210882,0,4,3,5,4,6,6,6,3,5,2,5,5,3,4,4,,6,1,22
211223,0,6,6,2,6,5,5,2,2,3,6,2,1,4,5,4,2,7,1,25
211256,0,6,3,3,3,6,5,3,5,4,2,5,5,2,2,5,4,7,1,40
211522,0,6,6,5,6,6,4,3,4,4,2,5,5,5,4,6,1,5,1,33
211627,0,6,3,5,4,6,6,4,3,4,6,6,4,3,6,6,4,5,-1,20
211740,0,6,5,5,6,6,6,3,1,4,5,3,5,4,6,6,2,5,1,25
211782,0,5,4,6,6,6,6,6,1,2,3,5,6,3,5,6,4,7,-1,43
211807,0,5,4,6,5,5,6,2,1,4,1,5,4,3,4,2,3,5,1,49
211819,0,6,4,6,5,6,6,5,3,4,4,5,4,2,2,3,2,6,1,36
211831,0,6,6,6,4,6,6,3,3,6,6,5,4,3,3,4,4,9,1,43
211976,0,6,6,6,6,6,6,5,6,6,1,6,2,3,6,5,,2,1,13
212072,0,4,3,4,4,4,5,3,3,4,3,3,4,2,5,4,1,5,-1,20
212129,0,6,6,6,6,6,6,4,1,3,1,3,5,2,3,6,2,8,-1,23
212197,0,5,6,4,3,5,4,2,3,4,4,5,3,4,4,4,,3,1,20
212360,0,6,6,6,6,6,5,3,1,4,1,5,4,4,4,3,4,4,1,56
212438,0,5,4,6,4,6,3,1,1,1,1,5,6,5,3,5,2,5,-1,35
212515,0,6,3,6,3,6,6,3,5,3,5,5,4,4,5,5,,7,1,22
212565,0,5,4,6,3,3,4,4,3,3,3,4,3,3,3,3,4,9,1,33
212570,0,2,2,5,2,3,3,4,4,6,3,5,4,3,3,2,2,4,-1,18
212652,0,6,5,6,6,6,3,5,4,4,5,5,6,5,5,5,4,7,1,22
212647,0,6,5,6,5,5,6,5,6,6,4,5,6,6,6,6,5,11,-1,45
212870,0,5,4,5,4,5,5,5,6,5,3,5,3,4,2,4,3,12,-1,26
213022,0,6,4,6,4,6,6,5,3,5,4,4,6,1,3,6,,7,-1,26
213027,0,3,1,3,3,6,5,4,3,5,1,6,2,3,3,1,2,4,-1,19
213090,0,6,4,5,3,6,4,4,5,5,1,4,5,2,3,3,1,7,-1,24
213247,0,5,3,6,4,5,5,3,4,4,2,2,5,3,3,3,5,7,1,34
213296,0,4,3,6,6,6,6,2,1,5,1,6,2,4,4,5,3,6,-1,37
213380,0,6,6,6,6,6,5,4,3,6,6,1,1,2,1,4,5,13,-1,27
213361,0,6,5,6,6,6,6,5,4,6,4,6,6,6,4,6,,7,-1,31
213471,0,6,6,6,5,6,4,3,4,5,3,4,4,4,1,3,1,8,1,26
213619,0,6,6,6,5,6,5,5,6,6,5,4,6,6,2,6,4,7,1,44
213611,0,6,5,6,6,4,4,5,6,5,2,3,5,4,5,3,1,5,1,19
213687,0,6,3,4,4,1,4,2,3,,4,4,2,4,4,4,1,7,-1,43
213827,0,4,3,1,5,5,3,2,3,1,4,3,4,2,5,4,,1,1,13
213877,0,3,6,6,6,6,6,3,1,2,1,4,3,6,6,6,3,5,-1,49
213939,0,6,5,4,4,5,5,4,4,4,4,5,4,4,4,4,4,8,-1,36
213949,0,5,4,3,5,5,4,3,1,3,1,4,3,3,3,3,2,8,1,24
213998,0,3,3,4,3,3,3,3,3,4,3,3,3,3,3,3,2,5,1,41
214028,0,2,5,6,6,6,6,6,5,3,4,3,4,4,5,2,3,7,-1,42
214092,0,6,4,6,4,6,4,3,6,3,1,5,3,3,3,4,1,9,-1,45
214414,0,2,3,5,5,6,3,3,3,2,3,5,4,3,3,5,4,7,-1,33
214460,0,6,6,5,6,6,6,6,6,5,4,6,4,4,3,4,1,6,1,21
214522,0,1,5,4,1,6,1,1,1,1,1,1,1,1,1,1,4,4,1,44
214531,0,5,6,6,6,6,5,6,3,5,1,6,5,5,6,6,1,6,1,35
214550,0,6,5,6,6,6,6,4,1,6,3,6,3,1,5,6,4,7,1,44
214563,0,6,4,6,4,5,6,4,3,4,3,5,4,4,6,6,2,5,1,22
214570,0,5,6,5,6,5,5,2,4,2,4,4,2,4,6,6,4,5,-1,21
214677,0,6,6,6,4,6,5,4,4,5,1,5,6,6,6,6,2,4,1,39
214760,0,6,6,6,6,6,6,5,6,5,6,4,5,5,5,6,1,7,-1,30
214877,0,6,6,6,6,6,5,3,6,4,4,1,4,4,4,6,3,5,1,20
214913,0,6,4,5,3,3,5,5,4,5,4,4,5,4,3,3,,5,1,21
215041,0,5,4,5,3,5,4,3,3,3,3,4,3,5,4,5,2,5,1,43
215067,0,6,6,6,6,5,6,5,4,6,5,5,6,5,6,4,1,6,1,28
215088,0,6,4,6,6,6,1,1,1,1,4,6,1,1,1,1,4,5,-1,20
215148,0,6,6,6,6,6,6,1,1,6,1,6,1,4,1,4,3,7,-1,27
215170,0,4,5,2,6,6,6,2,2,2,5,1,2,2,2,3,1,5,1,25
215293,0,6,4,4,6,6,6,5,4,5,3,6,1,4,1,1,1,5,-1,20
209279,1,5,4,6,5,5,4,5,2,4,4,5,2,3,5,5,2,9,1,66
209626,1,4,2,3,3,3,4,4,4,4,2,4,4,3,2,4,3,7,-1,40
209709,1,6,4,5,4,5,4,4,5,5,2,5,3,2,3,5,3,9,1,32
209877,1,6,5,4,6,5,6,5,5,4,4,4,6,4,3,5,4,8,-1,39
209878,1,3,2,6,6,6,5,4,2,4,2,5,4,6,6,6,2,7,-1,28
210110,1,6,3,6,3,5,3,3,1,5,1,4,3,5,4,6,4,9,1,55
210121,1,6,4,6,4,6,4,2,4,4,1,5,4,2,2,4,1,9,-1,62
210168,1,5,4,6,4,6,4,6,1,6,4,6,5,3,4,5,5,10,-1,50
210187,1,6,6,6,3,6,5,3,4,6,2,5,3,3,3,4,,5,1,20
210214,1,5,6,6,6,6,6,6,3,6,3,6,6,5,5,5,2,5,1,38
210337,1,6,2,6,4,5,4,1,4,5,2,4,4,2,2,4,1,5,-1,20
210417,1,6,6,6,6,6,6,3,3,2,1,4,3,2,3,5,4,7,1,23
211225,1,6,5,6,5,5,6,5,6,4,1,4,2,4,4,5,4,7,-1,35
211650,1,5,5,5,4,4,5,4,6,4,4,5,3,5,5,5,2,7,1,22
211757,1,6,5,6,5,6,3,4,6,4,2,6,5,4,4,6,2,7,1,24
211810,1,6,6,6,6,6,6,6,5,6,1,6,6,6,6,6,4,7,1,34
211787,1,6,4,6,5,6,5,2,1,4,4,5,3,5,5,6,4,7,-1,46
211811,1,6,4,5,6,5,5,4,2,4,4,2,5,5,3,4,3,7,1,24
211958,1,6,6,5,5,6,5,4,3,5,2,4,3,5,5,6,5,4,1,18
212131,1,6,5,6,4,4,5,4,6,5,4,4,6,3,4,3,2,8,1,23
212193,1,6,6,6,6,6,6,4,6,3,1,6,4,6,6,6,,5,1,38
212472,1,6,5,6,3,5,4,3,1,4,4,5,4,5,5,5,4,7,1,62
212922,1,6,4,5,4,5,3,4,2,2,2,4,4,2,2,4,2,5,-1,24
213166,1,1,1,1,1,2,6,1,1,1,1,3,6,1,6,5,5,9,-1,41
213265,1,4,5,4,3,4,5,3,4,3,3,5,3,3,3,4,4,9,1,27
213354,1,6,6,6,6,6,4,5,5,5,2,5,4,5,5,6,,5,1,21
213532,1,6,6,5,5,5,5,5,5,5,5,5,5,5,5,6,,4,-1,18
213601,1,4,4,4,3,4,5,2,5,4,3,3,2,6,5,4,4,5,1,20
213642,1,6,6,6,6,6,6,6,6,6,6,6,6,6,6,6,2,5,-1,37
213799,1,4,5,5,5,6,6,3,5,6,4,6,5,4,5,3,3,14,-1,24
213809,1,6,4,6,4,6,4,4,5,4,1,3,5,6,3,6,1,5,1,20
213971,1,4,5,5,5,6,5,2,2,3,2,5,5,2,5,4,4,7,-1,48
214004,1,5,4,4,4,4,5,5,2,5,3,4,3,3,3,2,5,9,-1,59
214168,1,3,2,5,5,6,6,1,2,2,4,5,1,2,1,2,3,8,-1,36
214170,1,6,6,6,6,6,6,6,6,6,3,6,6,4,6,6,3,7,1,50
214360,1,6,5,5,6,6,6,1,2,3,1,5,6,2,6,6,4,12,-1,70
214450,1,6,6,6,5,5,6,5,1,6,1,5,4,4,5,6,3,4,-1,49
214552,1,6,6,6,6,6,6,6,6,6,4,6,5,3,6,6,4,3,1,27
214743,1,6,5,6,5,6,4,3,4,6,1,6,5,3,3,4,3,8,1,57
214773,1,6,6,6,6,5,6,5,4,6,4,4,4,5,4,6,,5,1,19
214815,1,5,5,6,5,5,5,3,4,4,2,5,4,4,5,5,,6,-1,22
214920,1,6,6,6,6,6,5,3,3,4,1,5,3,2,2,3,4,9,-1,32
215075,1,4,4,6,4,6,6,3,1,4,1,4,3,4,6,6,1,5,1,27
215220,1,6,4,5,4,4,3,5,2,4,4,4,4,3,4,3,4,5,-1,48
215294,1,4,4,5,5,4,6,3,4,3,5,4,3,4,4,4,5,5,1,31
210339,2,6,5,6,6,5,6,2,3,4,4,5,4,2,3,3,5,5,-1,21
209288,2,5,2,1,2,3,1,2,1,1,2,1,2,1,1,1,2,9,1,53
209324,2,3,3,3,3,6,5,3,1,3,1,6,3,2,6,5,2,5,-1,28
209439,2,5,5,6,6,4,5,4,3,4,3,6,3,3,6,4,3,9,1,28
209702,2,6,5,5,3,5,5,3,2,4,4,4,5,3,5,1,3,7,1,36
209750,2,4,2,6,5,5,4,2,1,2,6,4,4,2,4,4,,4,1,54
209785,2,4,5,4,5,5,5,2,4,4,4,4,3,5,3,4,,5,1,20
210094,2,6,6,4,6,4,4,3,3,3,1,2,3,3,4,3,3,7,1,22
210336,2,6,5,5,4,4,5,3,6,3,4,4,4,3,4,6,5,5,1,20
210367,2,6,5,6,6,6,6,5,1,3,2,5,2,4,4,4,4,7,-1,46
213794,2,6,1,3,3,5,6,5,2,5,1,5,5,5,6,5,5,,-1,17
210459,2,6,6,5,6,5,5,6,4,5,5,3,4,4,4,3,,3,-1,17
210471,2,3,3,5,4,6,4,3,1,3,1,5,5,2,2,3,4,7,-1,49
210527,2,6,6,6,6,6,6,1,1,6,4,6,6,6,6,6,2,4,1,48
210822,2,5,4,5,2,2,5,2,2,2,2,2,5,2,1,2,4,7,-1,49
211288,2,1,4,6,6,6,6,4,1,6,1,6,6,3,4,6,3,9,-1,42
211411,2,6,5,6,6,6,6,2,5,3,1,5,1,3,4,5,3,5,1,28
211660,2,6,5,6,6,6,6,4,4,6,1,6,5,4,6,6,3,3,1,19
211817,2,6,5,6,5,6,5,5,5,5,5,6,5,4,4,5,5,7,1,40
212285,2,4,5,4,4,5,5,2,4,3,4,4,4,5,5,5,4,9,-1,41
212310,2,6,4,4,5,4,4,3,3,4,1,5,4,3,3,4,3,8,-1,32
212562,2,6,4,6,4,4,6,6,6,6,1,6,4,4,6,3,2,7,-1,27
212590,2,5,5,6,5,5,6,6,2,6,4,4,6,6,6,6,4,8,1,27
212603,2,5,2,5,5,6,5,3,5,3,4,6,6,4,4,4,1,5,-1,20
212694,2,6,4,6,2,3,3,2,3,2,1,4,3,2,1,1,,4,1,41
212743,2,6,4,5,4,6,6,6,1,6,3,4,4,3,6,4,4,6,-1,41
212842,2,6,4,6,4,6,4,3,1,3,1,4,6,1,3,1,5,8,-1,47
212971,2,6,4,6,5,6,5,3,4,3,1,4,5,3,4,3,1,5,1,21
213306,2,6,6,6,6,6,6,1,6,6,1,6,6,1,6,6,5,7,1,27
213409,2,4,4,5,4,4,5,5,6,5,3,4,5,5,4,4,,4,-1,19
213478,2,6,6,5,5,4,5,5,5,5,3,6,4,4,4,4,4,7,1,48
213502,2,6,6,6,4,6,5,5,6,5,1,6,4,4,4,5,4,14,-1,58
213647,2,4,1,4,1,3,3,6,1,6,2,6,6,4,2,4,2,4,-1,19
213883,2,6,4,6,4,4,4,4,4,4,1,4,3,4,4,5,5,4,1,38
214023,2,6,4,6,6,6,4,1,2,4,1,6,6,3,3,6,2,7,-1,24
214057,2,6,6,6,5,6,4,4,4,5,2,4,4,4,6,4,,5,1,50
214564,2,4,4,6,4,4,4,4,4,4,4,4,4,4,4,4,2,7,1,34
214569,2,4,4,5,4,4,4,2,1,2,1,4,3,3,4,4,4,8,-1,31
214908,2,5,5,5,5,5,5,5,1,4,1,5,4,4,6,5,4,10,-1,53
214961,2,5,3,4,1,3,6,5,1,5,1,5,6,3,5,5,4,5,-1,32
214970,2,6,4,6,5,5,5,5,2,5,1,5,6,4,5,5,2,5,1,25
215003,2,2,2,2,4,6,4,4,2,3,2,6,4,1,3,4,2,7,-1,28
215567,2,5,2,2,4,6,6,2,1,6,3,6,2,2,2,2,4,7,-1,41
210366,3,5,5,6,5,6,5,5,3,5,3,5,5,4,5,5,1,5,-1,21
212452,3,4,2,2,4,6,5,2,5,2,2,5,6,2,4,4,4,5,-1,19
212584,3,6,4,6,1,5,4,6,4,6,4,5,6,4,5,6,,5,-1,19
213840,3,3,6,4,6,3,4,6,6,5,6,6,6,3,6,6,3,4,-1,19
213906,3,6,6,6,6,6,3,2,1,1,3,6,4,6,6,6,2,5,1,31
215081,3,6,1,1,1,1,1,1,1,1,1,1,1,1,1,1,2,9,1,68
214621,3,6,5,5,4,5,4,5,6,5,1,5,4,3,4,5,1,5,-1,20
215076,3,5,2,4,3,3,5,3,6,4,4,6,5,4,5,5,,7,-1,34
208704,,,,,,,,,,,,,,,,,,5,-1,19
208781,,,,,,,,,,,,,,,,,3,3,1,19
209562,,,,,,,,,,,,,,,,,1,5,1,26
211695,,,,,,,,,,,,,,,,,,5,1,20
208799,-3,,,,,,,,,,,,,,,,2,8,1,58
208656,-3,,,,,,,,,,,,,,,,2,5,1,45
208642,-3,,,,,,,,,,,,,,,,4,5,1,20
208768,-3,,,,,,,,,,,,,,,,4,3,-1,18
208732,-3,,,,,,,,,,,,,,,,2,7,-1,25
208775,-3,,,,,,,,,,,,,,,,,4,-1,18
208816,-3,,,,,,,,,,,,,,,,5,9,1,59
208896,-3,,,,,,,,,,,,,,,,1,5,1,20
208899,-3,,,,,,,,,,,,,,,,5,10,1,37
208933,-3,,,,,,,,,,,,,,,,1,6,1,22
208947,-3,,,,,,,,,,,,,,,,,5,-1,20
208989,-3,,,,,,,,,,,,,,,,4,9,1,44
209126,-3,,,,,,,,,,,,,,,,1,9,-1,55
209089,-3,,,,,,,,,,,,,,,,2,6,1,37
209109,-3,,,,,,,,,,,,,,,,1,8,1,26
209119,-3,,,,,,,,,,,,,,,,4,8,1,48
209179,-3,,,,,,,,,,,,,,,,1,7,-1,27
209417,-3,,,,,,,,,,,,,,,,3,3,-1,34
209620,-3,,,,,,,,,,,,,,,,2,5,-1,21
211812,-3,,,,,,,,,,,,,,,,2,7,1,24
211559,-3,,,,,,,,,,,,,,,,3,7,1,46
213715,-3,,,,,,,,,,,,,,,,5,5,-1,20
213881,-3,,,,,,,,,,,,,,,,,7,1,57
213974,-3,,,,,,,,,,,,,,,,4,5,1,20
214607,-3,,,,,,,,,,,,,,,,2,9,1,69
214692,-3,,,,,,,,,,,,,,,,,7,1,23
215047,-3,,,,,,,,,,,,,,,,4,12,1,35
215264,-3,,,,,,,,,,,,,,,,5,9,-1,47
208824,-2,,,,,,,,,,,,,,,,2,7,1,26
208857,-2,,,,,,,,,,,,,,,,2,9,1,28
209042,-2,,,,,,,,,,,,,,,,4,5,-1,33
209122,-2,,,,,,,,,,,,,,,,2,9,1,26
208677,-2,,,,,,,,,,,,,,,,3,3,1,17
208674,-2,,,,,,,,,,,,,,,,3,7,1,23
208720,-2,,,,,,,,,,,,,,,,2,8,1,23
208827,-2,,,,,,,,,,,,,,,,,3,1,18
208807,-2,,,,,,,,,,,,,,,,5,3,1,19
208845,-2,,,,,,,,,,,,,,,,4,7,1,31
208820,-2,,,,,,,,,,,,,,,,3,12,-1,66
208822,-2,,,,,,,,,,,,,,,,2,3,1,18
208932,-2,,,,,,,,,,,,,,,,1,5,1,22
208937,-2,,,,,,,,,,,,,,,,4,12,-1,51
208982,-2,,,,,,,,,,,,,,,,,3,1,15
208994,-2,,,,,,,,,,,,,,,,2,7,-1,26
209110,-2,,,,,,,,,,,,,,,,4,9,1,28
209467,-2,,,,,,,,,,,,,,,,,5,1,24
209861,-2,,,,,,,,,,,,,,,,2,8,-1,45
210258,-2,,,,,,,,,,,,,,,,2,7,1,22
211886,-2,,,,,,,,,,,,,,,,2,8,1,25
212539,-2,,,,,,,,,,,,,,,,3,9,-1,30
213217,-2,,,,,,,,,,,,,,,,,7,1,26
213342,-2,,,,,,,,,,,,,,,,1,7,-1,23
214520,-2,,,,,,,,,,,,,,,,,7,1,24
215154,-2,,,,,,,,,,,,,,,,,5,1,23
215297,-2,,,,,,,,,,,,,,,,,4,1,19
210291,-1,,,,,,,,,,,,,,,,2,7,1,25
208774,-1,,,,,,,,,,,,,,,,3,7,1,50
208687,-1,,,,,,,,,,,,,,,,,5,-1,23
208792,-1,,,,,,,,,,,,,,,,5,4,1,21
208798,-1,,,,,,,,,,,,,,,,4,4,-1,20
209069,-1,,,,,,,,,,,,,,,,2,7,1,27
209085,-1,,,,,,,,,,,,,,,,2,9,1,34
209169,-1,,,,,,,,,,,,,,,,4,8,-1,48
210548,-1,4,4,4,5,5,5,3,2,4,4,4,3,2,1,,1,7,1,20
211393,-1,,,,,,,,,,,,,,,,2,7,1,28
211959,-1,,,,,,,,,,,,,,,,4,9,1,30
212559,-1,,,,,,,,,,,,,,,,,5,1,23
212747,-1,,,,,,,,,,,,,,,,4,5,1,57
212915,-1,,,,,,,,,,,,,,,,1,5,-1,20
208649,0,,,,,,,,,,,,,,,,4,6,-1,35
208708,0,,,,,,,,,,,,,,,,,8,1,19
208711,0,,,,,,,,,,,,,,,,4,4,1,19
208713,0,,,,,,,,,,,,,,,,2,3,1,18
208804,0,,,,,,,,,,,,,,,,,3,-1,18
208813,0,,,,,,,,,,,,,,,,3,5,1,20
209071,0,,,,,,,,,,,,,,,,2,5,1,24
209203,0,,,,,,,,,,,,,,,,4,8,1,25
209285,0,,,,,,,,,,,,,,,,4,4,1,19
209479,0,,,,,,,,,,,,,,,,4,8,-1,32
211677,0,,,,,,,,,,,,,,,,,4,1,19
212558,0,,,,,,,,,,,,,,,,2,7,-1,30
212614,0,,,,,,,,,,,,,,,,,4,1,19
212881,0,,,,,,,,,,,,,,,,1,7,-1,32
213890,0,,,,,,,,,,,,,,,,2,4,1,40
214811,0,,,,,,,,,,,,,,,,1,4,-1,22
215353,0,,,,,,,,,,,,,,,,2,5,1,46
208712,1,,,,,,,,,,,,,,,,3,4,-1,99
208821,1,,,,,,,,,,,,,,,,,4,-1,19
209129,1,,,,,,,,,,,,,,,,4,6,-1,53
213208,1,,,,,,,,,,,,,,,,2,7,1,26
213824,1,,,,,,,,,,,,,,,,4,12,-1,65
215230,1,,,,,,,,,,,,,,,,2,3,1,16
215146,1,,,,,,,,,,,,,,,,5,3,-1,17
208623,2,,,,,,,,,,,,,,,,1,5,-1,19
208710,2,,,,,,,,,,,,,,,,,3,-1,19
208890,2,,,,,,,,,,,,,,,,4,4,-1,19
208856,2,,,,,,,,,,,,,,,,3,5,-1,19
208927,2,,,,,,,,,,,,,,,,5,7,-1,62
209099,2,,,,,,,,,,,,,,,,,8,-1,23
210838,2,,,,,,,,,,,,,,,,4,7,1,34
211366,2,,,,,,,,,,,,,,,,1,6,1,23
212632,2,,,,,,,,,,,,,,,,1,4,1,60
212943,2,,,,,,,,,,,,,,,,1,12,-1,40
213816,2,,,,,,,,,,,,,,,,3,5,1,39
213805,2,,,,,,,,,,,,,,,,3,7,-1,26
213811,2,,,,,,,,,,,,,,,,1,12,-1,28
214072,2,,,,,,,,,,,,,,,,,4,-1,18
214928,2,,,,,,,,,,,,,,,,1,6,1,45
210578,3,,,,,,,,,,,,,,,,4,,-1,60
209349,3,,,,,,,,,,,,,,,,2,6,1,28
210131,3,,,,,,,,,,,,,,,,3,5,1,39
211099,-3,6,6,6,6,6,6,4,4,4,1,3,1,3,3,6,2,9,1,46
213494,-3,4,6,3,4,5,4,3,3,4,1,4,1,1,3,3,5,8,-1,26
215444,-3,5,5,5,6,3,4,4,4,5,6,4,4,3,4,4,3,12,1,38
209341,-2,4,3,3,5,4,5,3,4,3,2,4,2,4,4,3,4,12,-1,40
209698,-2,6,5,5,4,6,6,5,2,5,4,6,4,2,3,4,,8,1,37
211176,-2,6,6,6,6,6,6,5,4,5,3,3,3,3,4,5,2,7,-1,36
211237,-2,4,6,6,5,6,5,4,6,5,4,4,2,4,4,5,2,3,1,39
212022,-2,6,4,5,6,5,5,3,3,4,2,5,5,3,2,2,4,13,-1,22
214063,-2,6,6,5,6,6,6,1,2,2,2,4,1,1,1,1,1,9,-1,42
211684,-1,6,6,6,6,6,6,6,1,4,1,6,6,6,6,6,4,4,1,30
209865,0,6,6,6,6,6,6,6,6,6,2,6,6,3,6,4,2,7,-1,25
210275,0,2,4,5,3,5,4,5,6,3,5,2,5,5,2,3,1,7,-1,40
211387,0,6,6,6,6,6,6,6,6,6,6,6,6,6,6,6,1,4,-1,22
211466,0,6,3,6,3,5,4,5,1,2,1,4,5,3,5,3,4,12,1,38
212484,0,6,6,6,6,6,6,6,6,5,1,5,5,6,6,6,,5,1,52
215329,0,4,6,6,5,5,4,5,5,4,5,5,4,3,5,3,4,7,-1,27
215517,0,6,6,6,6,4,4,4,1,3,1,3,4,3,3,3,4,6,1,29
210648,2,6,5,5,6,6,6,5,5,6,1,4,4,4,3,4,5,7,-1,34
209218,,6,4,6,4,6,4,4,4,3,1,4,5,4,4,4,,5,1,40
209525,,6,4,3,4,6,3,4,2,2,6,3,2,3,3,3,3,7,-1,33
211612,,5,3,3,3,6,5,2,1,3,2,5,3,3,5,5,,12,1,39
213048,,6,5,5,6,6,6,5,5,5,2,5,1,4,2,,,5,1,31
214636,-3,5,5,5,6,5,6,5,3,5,1,5,4,3,5,5,2,8,-1,38
209542,-3,6,6,6,5,5,5,5,2,4,1,3,5,3,3,4,,9,-1,23
212094,-3,6,5,5,5,5,2,4,5,2,2,4,3,3,2,4,2,12,-1,50
212114,-3,6,4,6,4,6,4,4,4,4,4,4,3,3,4,4,4,9,1,34
212496,-3,4,5,4,5,5,4,5,4,3,2,5,4,5,4,3,1,5,-1,22
210724,-2,6,6,5,5,5,5,2,4,4,1,3,1,2,3,3,,7,1,24
209478,-2,6,6,6,5,6,6,6,6,6,1,5,6,6,6,6,,3,1,92
209548,-2,5,5,4,6,5,5,2,4,4,4,4,5,4,3,5,,7,-1,23
209763,-2,2,3,4,4,4,4,3,5,2,3,3,3,2,2,2,1,4,-1,19
209804,-2,4,4,6,5,4,6,3,4,5,3,4,5,3,4,3,4,5,-1,28
210397,-2,6,6,6,6,5,6,3,1,6,1,3,6,6,4,6,3,5,-1,54
210616,-2,4,5,3,5,6,5,5,5,5,1,6,5,3,3,5,3,6,-1,25
210618,-2,6,3,5,4,5,6,3,3,3,3,4,2,2,3,4,2,7,-1,54
210807,-2,5,5,6,4,5,5,2,2,4,2,5,4,5,4,4,5,9,-1,34
211233,-2,6,5,6,6,6,6,2,6,6,1,6,3,3,5,4,3,9,-1,40
211344,-2,6,5,2,3,2,2,3,3,2,3,3,3,2,2,2,3,7,-1,51
211400,-2,5,5,5,4,4,5,4,3,5,3,4,4,2,3,3,2,9,-1,30
212293,-2,4,5,6,4,6,5,4,4,2,2,4,4,3,5,6,2,3,1,17
213057,-2,5,4,5,4,6,6,2,4,3,2,4,3,2,3,4,2,5,-1,21
213230,-2,6,6,6,6,4,6,4,1,6,1,3,4,2,2,1,3,7,1,23
213313,-2,5,5,5,5,5,3,4,4,5,2,5,4,3,4,4,2,5,1,30
213954,-2,6,5,4,5,4,4,6,5,5,4,6,5,4,4,2,1,7,-1,19
214375,-2,6,6,6,6,6,6,3,4,3,3,5,4,4,4,6,3,11,1,23
214801,-2,5,4,5,6,6,6,3,2,4,3,5,4,3,3,4,5,7,-1,34
215495,-2,5,3,4,4,4,4,3,5,4,4,3,2,4,3,5,4,5,-1,23
209952,-1,3,4,6,5,5,5,3,4,3,4,5,5,2,2,3,,7,1,22
210696,-1,5,5,6,5,6,5,5,4,5,2,5,5,5,6,4,,5,1,21
210733,-1,6,5,6,4,5,3,4,5,3,2,4,4,3,2,5,4,7,1,20
211339,-1,5,6,5,4,5,5,3,4,4,2,4,3,3,4,3,,7,1,20
212069,-1,5,5,4,3,4,4,3,6,3,2,3,2,4,4,5,4,9,-1,29
212087,-1,5,3,6,5,2,5,4,1,2,1,3,3,2,3,3,2,7,1,45
215411,-1,5,5,6,5,6,5,5,4,6,4,6,4,4,3,3,1,5,-1,42
210308,0,6,6,6,5,4,5,4,4,5,4,4,3,5,4,3,,9,1,53
210757,0,5,3,5,4,4,4,5,6,5,3,4,3,4,4,5,,5,1,35
210778,0,6,6,4,6,5,6,3,3,4,1,5,4,3,6,6,,5,1,32
210810,0,5,4,5,5,5,5,5,5,5,3,5,4,4,5,4,1,5,-1,29
210990,0,6,6,6,6,6,5,5,6,5,5,6,6,5,6,6,5,9,-1,30
211002,0,5,6,6,5,2,4,4,5,3,4,3,3,4,4,4,2,7,-1,38
211616,0,4,3,5,4,5,3,3,3,3,3,4,3,3,3,3,3,7,1,47
211830,0,6,6,5,5,6,5,5,4,5,3,5,4,5,5,5,2,7,-1,24
212199,0,6,4,6,6,6,4,4,2,4,2,3,5,1,4,6,,3,-1,37
214831,0,6,6,6,6,6,6,2,6,6,1,6,6,6,2,6,,5,1,52
215397,0,6,5,6,3,5,6,4,6,4,3,5,4,5,5,6,2,5,-1,19
215436,0,6,6,6,5,6,6,6,4,4,2,5,3,4,5,6,2,7,-1,26
209493,1,5,5,6,4,6,4,4,3,4,1,4,2,2,3,3,,7,1,20
211423,1,5,5,6,5,5,4,4,5,5,3,6,5,4,4,4,4,7,-1,28
213349,1,6,6,6,5,6,4,4,3,5,1,4,4,4,4,4,1,4,-1,18
214601,1,4,4,4,3,3,5,4,4,5,4,5,5,4,4,4,3,9,-1,40
209856,2,4,5,4,5,4,5,3,6,4,4,4,4,3,3,5,,7,1,23
211681,2,6,3,5,4,3,5,4,4,4,2,4,2,3,4,6,3,6,-1,34
214746,2,6,5,6,5,5,5,5,5,5,4,4,5,5,6,6,1,7,1,21
215499,2,6,6,5,5,6,3,3,5,2,2,4,3,3,4,3,2,5,1,18
214359,3,6,5,6,5,6,5,5,6,4,1,6,6,4,5,6,5,9,-1,37
209446,,4,5,4,3,6,5,4,6,3,4,4,1,2,4,4,,,-1,32
209473,,5,5,4,4,5,6,2,1,3,1,4,3,3,2,4,,,1,42
209585,,5,5,6,4,5,3,3,6,6,3,5,5,6,6,4,,,-1,29
209847,,6,5,6,5,6,5,4,2,5,2,5,5,5,6,6,2,5,1,52
210024,,6,1,6,6,6,6,1,1,6,1,6,1,1,1,1,4,5,-1,37
210385,,6,6,6,5,6,5,6,6,4,1,6,3,6,6,6,,4,1,19
211321,,4,4,4,4,3,4,5,6,6,3,4,4,3,5,2,,,-1,31
211645,,6,6,4,5,6,6,4,4,6,1,6,3,3,4,4,,5,-1,21
212948,,5,4,5,5,5,4,3,2,4,2,5,5,3,3,5,4,9,-1,37
212972,,6,5,6,6,6,5,3,4,2,5,2,1,1,1,4,,11,-1,41
214277,,5,5,5,6,5,6,4,5,4,3,5,4,5,6,5,3,7,1,23
214528,,4,4,6,4,6,4,2,1,2,1,3,2,2,2,4,,5,1,43
214263,-3,2,5,6,5,5,5,3,5,3,1,5,3,3,2,3,,,1,40
210747,-3,4,6,6,6,6,5,4,4,6,1,5,3,5,3,4,3,7,1,46
209703,-3,6,4,4,4,6,6,1,3,3,4,5,3,3,1,3,4,8,1,52
214455,-3,6,5,5,6,6,6,1,1,5,4,5,3,1,1,4,2,12,1,48
209161,-3,6,5,6,6,6,6,4,2,4,1,4,4,2,4,5,,5,1,21
209224,-3,6,4,4,5,6,5,3,1,1,1,3,2,1,1,1,1,7,-1,20
209234,-3,3,3,5,5,3,5,3,2,4,1,3,2,3,2,2,4,11,1,32
209461,-3,6,5,6,5,6,6,2,4,4,1,4,1,1,1,4,,5,-1,39
209567,-3,6,5,6,6,6,5,2,2,3,1,5,3,2,1,1,5,13,1,41
209634,-3,6,6,6,4,6,6,3,6,5,1,3,1,2,2,3,4,9,-1,34
209614,-3,2,4,5,6,6,6,4,4,4,2,5,1,2,1,5,4,14,-1,36
209622,-3,6,6,6,6,6,5,4,1,4,4,4,3,4,3,4,4,12,-1,55
209638,-3,4,4,6,4,6,4,3,4,4,2,5,3,6,5,2,,4,-1,43
209759,-3,6,6,5,6,6,5,5,2,4,1,5,4,2,3,2,,5,-1,21
209729,-3,2,1,2,4,3,4,2,1,2,1,1,2,1,2,1,1,9,-1,34
209816,-3,6,6,4,5,5,6,4,4,4,1,5,3,2,2,2,2,7,-1,41
209837,-3,6,6,6,6,6,6,1,1,1,1,1,1,1,1,1,4,9,-1,47
209883,-3,4,6,6,6,6,6,6,1,6,6,6,4,6,5,6,,9,1,34
210047,-3,5,6,6,6,,6,1,4,4,2,4,4,6,3,3,1,5,-1,25
210054,-3,6,6,6,6,5,6,2,5,2,1,4,2,1,1,3,2,12,1,29
210106,-3,4,6,6,6,6,6,4,6,5,6,4,3,4,3,6,,9,1,32
210111,-3,6,6,5,6,6,4,4,4,3,2,2,5,1,1,4,3,7,-1,43
210150,-3,6,6,6,6,6,6,4,2,4,1,4,4,1,3,5,1,4,1,58
210186,-3,6,6,6,6,6,6,1,6,6,1,6,1,6,6,6,1,1,-1,27
210231,-3,6,5,6,6,4,5,4,3,3,4,6,3,4,5,5,1,9,1,44
210638,-3,4,5,5,4,5,5,3,3,5,2,3,2,2,2,2,,5,-1,20
210693,-3,6,5,6,5,5,6,2,4,5,5,4,2,4,2,4,4,9,-1,38
210745,-3,5,6,6,5,5,6,3,4,4,2,4,1,4,5,5,2,7,1,37
210970,-3,6,6,6,6,5,5,4,3,5,1,3,3,1,2,4,2,9,1,28
211011,-3,6,6,6,6,6,6,5,4,3,5,5,1,2,1,1,3,8,1,47
211032,-3,5,3,4,5,5,5,4,2,3,1,4,1,2,4,5,4,13,-1,34
211162,-3,6,6,6,6,6,6,1,1,3,1,6,1,4,1,1,,9,1,60
211214,-3,6,6,6,5,6,6,5,4,5,1,4,4,2,3,4,2,7,-1,37
211392,-3,4,5,5,5,6,4,4,2,2,1,5,5,3,3,5,4,7,-1,43
211398,-3,6,6,5,6,6,5,4,6,6,5,6,5,3,4,2,1,13,1,34
211436,-3,6,5,6,6,6,6,3,3,5,1,4,3,4,4,4,3,4,1,44
211453,-3,6,6,6,6,6,6,1,6,6,1,6,3,1,1,6,2,7,-1,32
211516,-3,4,5,4,5,5,4,3,4,2,4,3,2,3,2,3,3,12,-1,51
211556,-3,6,5,5,5,6,5,4,3,3,1,5,3,2,1,4,2,7,-1,37
211568,-3,6,6,6,6,6,6,6,1,6,1,6,1,1,1,1,4,7,-1,36
211625,-3,6,6,5,4,4,4,4,3,3,6,2,5,3,2,5,4,7,-1,35
211988,-3,6,6,6,6,5,4,4,1,4,1,4,2,2,2,2,4,7,-1,39
212070,-3,6,6,6,6,6,6,2,2,5,1,4,3,2,4,2,2,5,1,35
212812,-3,4,4,6,6,6,6,4,3,4,1,5,4,4,5,5,1,12,,27
212994,-3,5,5,5,5,5,5,3,3,3,5,4,2,2,2,4,2,7,1,37
213118,-3,6,6,5,6,6,5,4,4,3,1,3,3,3,2,4,,5,-1,22
213177,-3,4,5,4,4,6,4,5,3,3,1,4,3,4,4,3,,5,-1,26
213235,-3,6,6,6,6,6,5,3,3,5,2,4,3,2,2,3,1,8,1,22
213297,-3,6,5,6,5,6,4,4,2,5,3,6,6,4,6,5,3,9,-1,43
213690,-3,4,4,6,4,5,4,3,1,4,4,3,4,4,3,4,4,7,1,43
214302,-3,5,3,6,5,6,5,1,2,2,1,2,2,1,1,1,4,3,1,43
214246,-3,6,3,6,6,6,6,3,1,3,3,2,2,3,2,4,2,4,1,68
214477,-3,6,6,5,6,6,5,4,3,3,1,4,3,2,4,4,3,7,1,37
214660,-3,6,5,6,6,6,6,4,5,2,1,4,2,2,2,6,2,9,-1,34
214853,-3,6,6,5,6,6,6,2,3,2,2,3,4,2,3,4,1,7,-1,24
214891,-3,6,4,6,4,3,5,3,1,1,1,4,2,4,3,3,5,4,-1,42
214893,-3,6,4,5,6,3,6,4,2,4,1,5,3,2,2,4,2,9,-1,26
215435,-3,6,6,6,6,6,6,3,1,3,5,4,2,3,4,6,2,7,1,30
209325,-2,3,5,5,6,6,5,4,4,2,1,6,2,2,4,2,4,12,1,41
209953,-2,5,6,5,6,5,6,4,2,4,3,5,4,4,5,5,1,7,1,22
211643,-2,6,4,5,4,5,4,4,2,2,2,3,5,2,3,2,3,9,-1,45
214492,-2,6,5,3,4,6,6,6,5,6,1,6,1,5,6,5,1,9,-1,25
212080,-2,2,5,5,4,3,3,1,1,2,1,2,2,2,2,4,4,7,-1,45
210295,-2,6,4,6,6,6,5,2,5,5,1,5,5,2,2,2,4,9,-1,33
209264,-2,6,5,6,5,5,6,5,4,5,4,5,4,2,2,5,2,7,-1,40
209301,-2,5,4,5,5,6,4,4,3,4,3,4,4,5,5,5,3,9,-1,24
209319,-2,4,4,4,4,4,5,3,4,4,3,4,3,3,5,4,4,7,-1,20
209365,-2,6,6,6,6,6,6,2,2,5,6,6,4,3,3,5,3,14,1,49
209377,-2,5,4,4,4,4,2,3,4,3,2,3,3,4,3,4,1,9,-1,22
209534,-2,6,4,5,5,6,6,4,1,4,1,5,4,1,4,6,,8,-1,23
209533,-2,6,4,5,5,6,6,2,2,4,3,5,5,2,5,4,3,9,-1,21
209543,-2,5,6,6,6,5,5,2,1,5,5,5,5,3,4,3,3,9,1,50
209632,-2,6,4,6,3,6,6,1,2,2,1,1,1,3,1,4,2,7,-1,50
209584,-2,4,6,5,5,4,5,4,3,4,4,3,5,3,4,4,5,4,-1,19
209613,-2,2,5,6,5,2,3,2,2,2,1,3,5,2,2,2,4,7,-1,58
209700,-2,2,6,6,5,3,2,2,1,1,1,1,1,2,1,2,4,9,-1,36
209727,-2,5,2,6,6,6,5,6,4,6,2,6,6,6,4,6,4,6,-1,28
209748,-2,4,4,4,4,5,5,3,4,3,2,4,4,3,4,2,3,3,-1,17
209892,-2,5,3,6,4,6,5,3,4,3,4,4,4,4,5,5,,5,1,21
209941,-2,5,4,6,5,5,5,3,2,4,1,5,3,4,4,2,3,12,-1,30
210069,-2,5,5,6,6,6,5,4,3,3,3,4,4,2,3,3,2,9,-1,26
210091,-2,6,5,6,6,6,5,4,5,4,1,4,2,5,3,4,1,7,-1,24
210238,-2,5,6,6,6,6,5,2,3,3,2,5,5,2,3,6,4,7,1,32
210245,-2,6,6,6,6,6,5,4,2,5,1,1,3,1,4,6,2,7,1,34
210553,-2,5,4,4,5,5,5,2,3,4,2,3,2,3,3,4,2,4,-1,39
210565,-2,5,2,6,6,6,1,2,4,2,1,2,1,4,1,5,3,7,-1,29
210577,-2,6,6,5,5,6,5,1,3,4,1,4,5,1,3,4,,7,-1,27
210639,-2,6,5,5,4,4,5,4,3,4,1,4,4,3,3,5,4,7,-1,43
210694,-2,6,6,6,6,6,6,1,6,4,1,6,3,2,1,6,5,13,1,26
210841,-2,6,5,3,4,5,3,6,4,6,1,6,5,4,4,5,1,7,-1,23
210801,-2,5,5,5,4,5,5,2,5,2,2,4,2,3,4,3,1,9,-1,25
210833,-2,5,5,5,5,6,5,3,4,4,2,5,5,3,4,4,3,13,-1,37
210878,-2,4,4,5,5,5,6,4,3,5,1,4,3,4,4,4,4,9,-1,29
210892,-2,5,6,6,6,5,6,5,3,5,1,4,5,3,5,4,4,7,-1,26
210983,-2,6,4,5,4,5,5,4,4,4,2,4,4,4,4,5,,9,1,42
211004,-2,4,5,5,6,6,6,2,2,4,5,4,3,3,2,3,2,9,1,29
211083,-2,4,4,4,4,5,5,3,2,3,2,5,2,1,2,1,3,7,-1,45
211106,-2,6,6,6,6,6,6,5,6,4,4,4,6,5,6,5,1,7,-1,22
211152,-2,6,6,6,6,6,3,1,2,2,1,4,4,3,3,5,5,7,-1,39
211350,-2,6,6,6,5,5,6,5,3,5,4,4,5,6,2,6,3,9,1,35
211153,-2,5,4,5,5,6,5,4,5,4,1,5,3,4,4,4,4,12,-1,37
211184,-2,6,6,6,6,6,6,4,4,6,1,6,6,6,6,6,,9,1,31
215549,-2,6,6,6,5,5,5,3,3,4,1,3,3,3,4,3,4,5,1,36
211295,-2,6,6,5,6,6,5,3,2,4,1,4,3,2,3,5,2,6,1,34
212314,-2,5,5,5,5,5,5,3,4,4,2,3,2,3,4,3,4,9,1,31
211305,-2,5,6,5,6,4,6,2,4,5,1,3,2,1,6,3,2,5,-1,24
211313,-2,3,6,6,6,6,6,1,1,6,1,3,4,1,4,1,5,7,-1,39
211369,-2,5,6,6,4,4,5,3,4,4,3,3,3,4,3,3,2,13,1,28
211382,-2,6,6,6,5,6,5,5,4,6,4,5,3,3,2,3,3,7,-1,29
211435,-2,2,5,6,4,5,5,3,1,4,4,5,1,4,4,5,5,11,-1,53
211491,-2,6,4,3,5,6,4,5,4,4,3,5,2,3,2,3,4,4,-1,43
211617,-2,6,6,6,6,6,6,2,4,3,6,6,4,4,2,6,2,7,1,41
211658,-2,6,4,5,4,3,3,2,4,3,1,3,4,4,2,3,4,7,1,29
211654,-2,4,6,6,5,5,5,4,2,4,2,5,3,2,3,3,5,9,1,39
211666,-2,4,4,5,5,5,5,3,3,4,2,5,2,2,3,4,4,9,-1,45
211799,-2,4,4,4,4,4,3,4,4,4,2,4,3,4,3,4,4,5,-1,33
211932,-2,3,5,3,5,3,5,3,1,4,1,4,3,1,1,3,,5,-1,20
212009,-2,6,5,6,5,4,6,4,1,4,2,3,5,5,5,5,,6,1,35
212030,-2,6,5,5,5,5,5,4,1,4,3,4,4,3,5,6,2,7,1,37
212109,-2,6,4,4,4,5,4,2,3,4,1,4,1,3,4,3,,7,1,44
212249,-2,6,6,6,2,4,3,3,3,4,2,4,2,3,3,3,4,9,-1,29
212275,-2,4,4,5,4,6,6,4,6,4,1,4,1,3,1,4,4,3,-1,37
212376,-2,3,3,5,6,6,2,4,1,1,1,,3,1,4,4,3,7,-1,51
212381,-2,6,6,6,6,6,6,2,4,4,1,6,5,3,1,3,,9,1,20
212817,-2,6,5,6,4,6,5,3,1,4,5,6,4,2,2,4,3,9,1,50
212911,-2,6,5,5,5,6,4,2,5,3,1,5,2,4,2,4,2,1,-1,47
213067,-2,5,5,5,5,5,5,5,2,2,3,5,5,5,2,4,3,8,1,33
213126,-2,6,6,6,5,6,5,4,3,6,1,4,3,5,4,5,,7,1,33
213732,-2,6,6,5,6,5,6,3,1,2,1,4,2,1,3,4,4,7,-1,37
213742,-2,5,5,6,4,5,5,4,2,5,4,4,4,4,3,2,2,7,-1,50
214233,-2,3,5,6,4,5,4,4,2,3,3,4,2,3,3,3,5,9,-1,50
214286,-2,6,3,5,6,5,6,4,3,4,5,5,3,3,3,5,4,7,1,29
214323,-2,5,4,4,4,5,5,5,4,5,4,4,3,5,5,5,3,4,-1,17
214442,-2,6,6,6,5,6,5,3,3,5,1,4,3,4,3,2,3,12,-1,32
214465,-2,6,6,4,5,4,5,3,4,5,1,4,4,3,2,4,3,9,1,34
215072,-2,6,5,6,5,5,4,6,4,4,3,4,2,4,5,4,5,5,-1,39
215488,-2,6,6,6,6,6,6,6,3,6,4,4,4,3,4,3,1,5,-1,18
215530,-2,6,6,6,5,5,6,3,4,3,4,3,4,3,2,5,2,9,1,28
211395,-1,5,5,5,5,5,4,2,3,2,1,4,3,3,2,5,4,12,1,31
212074,-1,5,4,5,5,4,6,2,4,4,4,4,2,3,3,4,1,9,1,41
211667,-1,4,5,6,4,4,5,4,6,5,4,5,5,5,4,5,1,7,-1,22
210602,-1,6,5,6,5,5,3,3,4,3,2,6,2,4,3,4,3,5,-1,35
209355,-1,6,5,5,5,6,5,3,4,5,3,5,4,4,5,5,1,8,-1,21
209787,-1,5,5,4,5,5,6,3,3,4,3,4,4,4,4,4,2,5,-1,23
210028,-1,6,5,6,6,6,6,4,2,5,1,5,6,4,5,5,3,8,-1,50
210242,-1,6,6,6,6,6,3,3,5,5,1,4,3,6,1,1,2,7,-1,33
210590,-1,5,4,5,4,6,4,2,4,2,2,4,4,2,3,4,4,12,1,37
210596,-1,4,4,5,5,6,3,4,5,5,2,4,3,4,2,4,,7,-1,23
210672,-1,6,6,6,5,5,6,5,5,6,3,5,4,5,4,5,,7,1,30
210681,-1,4,4,5,4,5,5,4,6,4,3,5,3,3,5,4,,7,1,22
210711,-1,5,2,3,3,1,2,2,2,2,2,3,1,1,1,2,1,4,-1,26
211485,-1,6,5,5,5,5,4,4,5,5,2,5,4,4,4,5,,9,1,31
211050,-1,6,6,6,5,5,6,5,4,3,2,4,2,2,2,4,,7,-1,49
211089,-1,6,5,6,5,6,6,6,5,6,6,5,3,3,3,3,2,7,-1,29
211222,-1,6,6,6,5,6,6,1,1,3,1,1,4,5,4,5,1,7,-1,52
211270,-1,4,4,4,4,5,5,3,3,4,4,5,4,4,5,4,2,9,1,26
211377,-1,5,3,6,6,6,5,3,3,3,2,6,3,2,3,5,4,9,-1,30
211523,-1,4,3,5,6,6,6,4,2,1,4,4,5,3,4,5,3,9,-1,38
211574,-1,6,6,6,6,6,6,4,1,3,1,6,3,4,3,3,,12,1,30
211633,-1,6,4,6,5,6,4,5,5,5,1,4,2,2,1,4,3,7,-1,32
211694,-1,6,6,6,6,6,6,4,2,5,5,5,5,3,5,6,1,5,1,22
211846,-1,3,1,6,3,6,6,4,6,3,1,4,1,6,1,3,1,7,-1,24
213007,-1,5,3,5,5,5,5,4,3,4,2,4,2,2,2,2,4,7,-1,49
213148,-1,5,4,5,4,5,5,3,4,5,2,4,2,5,5,5,,5,1,19
213213,-1,6,6,6,6,6,6,4,1,4,1,6,6,6,5,6,,7,-1,23
213596,-1,5,3,5,4,5,6,3,3,2,4,3,4,4,3,2,,5,1,20
214102,-1,4,5,5,4,4,5,2,3,5,1,3,2,3,3,2,3,7,-1,27
214346,-1,6,5,6,5,5,6,5,3,6,2,2,4,4,5,5,4,4,1,39
214642,-1,6,3,4,3,4,3,3,4,2,2,6,2,4,4,4,3,5,-1,22
214965,-1,6,5,5,5,4,5,5,4,4,5,5,3,5,6,6,4,4,-1,34
215077,-1,3,2,5,3,4,3,6,4,6,6,5,1,3,2,4,,6,-1,20
215428,-1,4,5,6,5,6,5,5,6,6,2,4,4,4,4,3,,5,-1,19
215453,-1,6,4,6,6,6,5,3,6,4,1,4,6,4,5,6,3,5,-1,44
209460,0,3,6,4,5,5,5,4,2,5,4,5,6,4,4,5,2,5,-1,45
209191,0,5,6,6,6,6,6,2,1,3,1,6,4,3,4,4,3,7,-1,33
209291,0,3,3,6,6,4,6,4,1,6,1,4,3,1,6,3,2,7,1,27
209304,0,6,,6,4,4,4,6,6,6,3,3,4,4,4,6,2,5,-1,30
209338,0,6,6,6,5,6,4,4,6,6,1,5,1,4,6,3,,3,1,18
209339,0,4,3,3,3,4,3,3,4,3,3,4,3,3,3,2,3,5,-1,30
209346,0,6,6,6,4,3,3,6,6,3,4,6,6,6,6,6,4,5,1,29
209602,0,5,5,6,6,6,6,2,1,2,1,5,6,5,6,5,,7,-1,20
209694,0,6,6,6,6,5,6,6,4,6,3,4,6,4,3,4,2,7,1,35
209791,0,6,6,6,5,6,5,5,6,5,4,4,4,6,6,5,3,4,-1,28
209783,0,6,6,6,6,6,6,3,4,6,6,6,5,6,6,6,4,7,-1,26
209876,0,5,3,4,5,6,3,3,1,2,2,6,5,2,2,6,1,7,-1,28
210609,0,6,5,6,5,5,4,3,4,4,1,5,3,3,3,3,,7,1,37
210619,0,6,4,6,3,3,4,3,3,1,1,3,3,2,2,6,4,5,1,31
210656,0,6,5,5,6,5,4,3,4,4,4,5,4,6,3,5,4,9,1,29
210846,0,6,5,5,5,5,4,4,4,6,3,5,6,5,6,4,3,5,-1,28
211139,0,6,6,6,4,5,6,2,4,4,4,4,3,5,6,3,2,5,1,32
210859,0,4,4,5,5,6,4,5,1,2,1,6,5,1,3,4,3,7,-1,25
210876,0,6,4,5,6,6,6,5,1,3,1,3,4,2,4,6,3,3,-1,44
210877,0,6,5,4,4,6,5,4,5,2,4,4,3,4,2,5,2,12,-1,33
210898,0,6,4,5,4,4,4,4,4,5,4,4,4,4,4,4,2,4,-1,32
210984,0,4,4,5,5,6,4,4,4,5,1,6,4,4,3,4,3,9,1,39
210979,0,3,5,3,4,6,4,5,4,5,1,5,4,3,4,3,3,7,-1,28
211003,0,5,6,5,6,5,6,5,3,5,3,4,6,3,5,6,3,9,-1,28
211020,0,3,4,4,6,3,4,6,6,6,4,3,4,4,4,2,,5,-1,26
211025,0,5,4,6,4,6,5,3,4,5,2,5,5,2,2,4,4,13,-1,26
211064,0,6,6,6,4,4,6,5,6,4,1,1,1,3,4,4,2,7,-1,59
211048,0,6,4,5,5,5,4,4,4,4,3,4,4,3,2,5,,5,-1,30
211086,0,6,4,4,4,6,4,4,1,4,2,4,3,5,4,4,4,9,1,32
211121,0,1,2,1,4,4,3,2,1,2,1,1,2,1,2,1,5,14,-1,36
211200,0,5,5,5,5,5,3,4,4,4,3,4,5,5,4,3,,7,1,25
211290,0,3,5,3,5,6,3,3,3,1,2,1,1,1,3,3,2,7,1,28
211407,0,6,4,6,6,4,6,4,4,5,4,4,5,3,5,6,3,9,1,42
211416,0,6,5,4,4,6,4,1,1,1,1,1,3,1,6,4,1,9,-1,33
211452,0,6,1,4,5,6,6,5,3,4,6,6,6,6,6,4,,4,-1,20
211509,0,6,4,5,4,5,4,4,5,4,4,3,4,3,3,4,3,4,-1,32
211499,0,6,4,4,4,3,2,2,3,2,1,3,1,2,2,2,1,6,1,23
211539,0,6,5,6,4,6,4,3,2,4,2,4,5,3,4,2,4,14,-1,45
211532,0,4,5,6,5,5,5,5,4,5,1,5,5,5,5,5,,7,1,20
211589,0,3,4,5,6,6,6,3,1,2,1,6,4,2,2,4,3,7,-1,39
211631,0,2,5,6,5,5,5,2,1,2,2,4,5,4,4,5,,7,1,30
211655,0,4,4,3,5,6,6,5,5,2,1,4,2,3,2,5,,5,-1,45
211710,0,3,2,4,2,3,5,2,2,1,3,5,5,2,4,4,2,9,-1,26
211773,0,6,4,3,6,6,2,2,3,3,1,6,2,1,2,3,4,7,-1,30
211910,0,6,4,1,4,5,5,4,4,4,4,6,5,1,4,4,,8,-1,33
211908,0,6,5,5,5,6,5,3,4,3,1,2,2,2,2,4,,4,1,38
211912,0,5,2,4,2,4,4,1,2,3,1,4,3,2,3,4,1,5,-1,20
211960,0,6,5,4,3,5,3,3,6,4,3,4,3,2,5,6,,4,1,21
211966,0,4,6,6,6,5,4,6,5,5,5,5,4,4,5,4,,5,-1,20
212033,0,6,6,6,5,5,5,6,4,5,1,4,5,5,6,6,2,7,1,30
212054,0,6,4,5,3,5,3,3,3,3,3,5,3,4,3,4,,7,1,48
212090,0,3,4,6,4,3,6,2,3,5,3,2,3,3,3,2,3,9,1,33
213082,0,4,4,6,4,5,6,3,2,4,1,6,5,4,6,4,4,3,-1,35
213088,0,5,5,6,6,6,5,5,4,5,5,5,5,5,5,6,2,7,1,36
213091,0,1,3,5,5,6,4,3,1,3,1,4,3,2,2,3,,5,1,43
213225,0,5,3,4,5,3,4,3,4,5,2,4,4,4,3,4,2,5,-1,25
213353,0,6,6,6,6,6,6,4,1,6,1,6,6,6,6,6,,6,-1,24
213588,0,1,4,6,6,6,6,6,4,6,3,6,6,6,6,6,2,5,1,36
213938,0,6,6,6,5,6,5,4,6,6,1,4,4,6,4,6,2,5,1,46
214287,0,3,4,4,5,5,5,5,2,3,2,5,4,3,4,4,2,3,1,19
214693,0,6,4,6,5,4,4,5,3,3,1,4,2,2,5,5,3,7,1,37
214822,0,5,3,4,4,5,6,3,5,4,4,5,4,5,5,5,2,7,-1,30
215405,0,6,6,6,6,6,6,3,6,4,1,4,5,5,5,5,3,7,-1,23
215568,0,6,6,6,6,4,6,3,1,6,1,4,3,6,4,6,2,4,-1,35
215493,0,6,4,6,5,3,4,4,3,4,1,2,4,4,5,4,,5,1,18
215485,0,6,5,5,5,5,5,4,5,4,1,4,5,4,5,5,3,5,1,19
215538,0,3,6,6,6,6,6,6,1,6,2,6,6,3,4,6,4,9,1,39
210881,1,4,6,6,6,4,5,4,5,3,1,4,5,5,6,5,,9,-1,25
209287,1,4,5,6,5,5,3,2,3,3,3,5,3,3,4,5,3,6,1,41
209574,1,6,6,6,6,6,6,3,6,6,3,4,4,4,6,6,3,3,-1,58
209647,1,4,5,6,6,4,6,4,2,3,3,5,4,2,2,3,3,5,-1,42
209707,1,5,5,4,4,3,3,3,4,4,1,3,2,2,2,3,1,,-1,18
209713,1,6,5,6,5,5,6,2,3,5,1,4,2,6,4,5,4,7,-1,35
209717,1,4,5,5,3,4,4,4,3,3,2,5,5,3,4,4,1,5,1,21
209762,1,6,5,5,6,5,4,5,5,3,2,6,4,5,3,5,,5,1,19
210583,1,6,4,3,4,5,4,3,4,4,2,5,5,3,4,4,3,7,-1,28
210611,1,5,5,5,4,5,4,3,3,5,2,3,4,3,6,5,2,7,-1,21
210734,1,6,6,6,6,6,6,3,2,5,1,4,5,2,2,4,3,7,1,24
211334,1,6,5,6,5,5,4,6,5,5,3,5,4,5,4,5,2,5,-1,39
210914,1,4,4,5,6,6,6,5,5,5,6,6,1,1,2,4,4,13,-1,32
210954,1,6,6,6,5,5,4,5,6,6,4,5,5,4,3,4,,7,1,34
211080,1,6,6,6,6,6,4,1,4,6,1,4,5,5,2,6,4,9,1,26
211323,1,6,5,6,6,6,6,4,5,5,4,4,3,4,5,4,3,4,-1,48
211354,1,6,5,6,3,5,6,6,4,2,4,5,5,4,5,5,4,7,-1,27
211430,1,6,6,4,3,6,6,3,3,4,2,5,2,3,3,3,5,7,-1,30
211429,1,5,3,4,3,4,5,3,2,2,2,4,3,3,3,5,4,13,-1,49
211761,1,6,5,6,4,5,6,6,5,5,5,5,6,6,5,5,3,4,1,41
211774,1,4,6,6,4,6,6,3,1,6,1,4,5,4,4,4,,5,1,38
212111,1,6,6,6,4,6,6,3,2,4,1,6,5,2,5,4,5,7,-1,50
213098,1,5,5,4,5,5,1,4,2,3,1,2,2,1,1,1,4,5,1,36
213140,1,6,4,6,6,6,4,6,6,3,6,6,6,6,3,6,4,4,-1,19
213175,1,6,6,6,6,6,6,6,6,6,1,6,6,5,6,6,3,6,-1,40
213251,1,1,3,6,5,6,5,1,3,4,1,1,4,1,1,1,4,7,1,33
213551,1,6,6,6,6,6,6,1,1,1,1,6,6,3,3,4,2,7,-1,41
213757,1,6,6,6,6,6,6,6,1,6,1,6,6,3,3,6,3,7,-1,32
214219,1,4,4,5,4,5,5,1,4,4,1,3,4,4,3,5,4,7,-1,32
214281,1,6,6,6,4,5,6,5,1,6,1,6,6,4,5,5,1,5,1,61
215144,1,3,5,5,3,5,5,4,1,3,2,4,3,2,3,6,4,7,-1,29
215526,1,6,6,2,6,1,6,1,4,4,6,6,2,6,1,4,4,4,-1,28
215437,2,4,5,5,5,5,5,3,1,2,2,4,3,3,3,5,2,4,-1,39
209476,2,6,4,6,6,6,5,3,3,4,1,4,5,3,4,6,1,7,1,23
210090,2,6,6,6,6,6,5,1,4,6,5,6,1,4,4,4,1,5,-1,19
210102,2,6,5,6,4,6,4,5,1,5,3,5,6,5,4,5,5,7,-1,40
210466,2,4,4,6,4,6,6,1,1,6,1,6,6,4,6,4,4,9,-1,60
210598,2,6,4,6,6,6,6,2,1,3,1,5,4,2,5,3,4,7,-1,37
210620,2,6,6,6,6,6,4,2,2,2,1,6,2,2,3,4,2,7,-1,30
211029,2,6,6,6,6,6,5,4,5,2,2,5,5,5,5,6,4,7,1,28
211114,2,4,3,4,3,4,6,5,5,6,1,6,6,4,5,4,4,7,-1,26
211124,2,4,4,6,2,2,4,4,1,3,4,5,6,5,5,4,3,7,1,25
211529,2,5,3,6,5,4,3,1,3,5,1,6,4,4,3,5,5,7,-1,22
212062,2,1,2,6,6,4,6,2,2,4,1,6,1,2,4,2,4,14,-1,49
212623,2,4,4,4,6,5,6,6,6,6,4,4,4,3,4,3,,3,-1,23
213524,2,4,5,6,6,6,6,4,2,4,3,6,5,4,1,4,,7,-1,46
213935,2,6,4,3,5,4,6,1,4,5,4,4,5,5,4,3,2,7,-1,21
215334,2,2,2,3,4,3,3,2,1,2,1,5,3,2,2,3,4,7,-1,47
209557,3,6,4,5,4,4,5,2,2,5,2,5,5,5,6,6,,4,1,35
209743,3,6,5,6,5,4,6,6,5,6,2,6,6,5,4,4,5,5,-1,20
211151,3,3,4,6,3,2,5,4,2,5,6,6,5,2,6,6,5,11,-1,47
211894,3,4,3,5,5,4,4,5,1,3,2,4,4,3,1,4,4,4,-1,36
213043,3,1,1,1,1,1,1,6,6,1,1,1,1,6,6,6,2,9,-1,28
209117,,,,,,,,,,,,,,,,,3,6,-1,31
211242,,,,,,,,,,,,,,,,,,,1,26
209079,-3,,,,,,,,,,,,,,,,2,7,1,47
208636,-3,,,,,,,,,,,,,,,,2,9,-1,44
208742,-3,,,,,,,,,,,,,,,,,8,1,19
208795,-3,,,,,,,,,,,,,,,,,5,1,18
208925,-3,,,,,,,,,,,,,,,,3,12,-1,54
209163,-3,,,,,,,,,,,,,,,,4,7,1,51
209057,-3,,,,,,,,,,,,,,,,1,7,-1,21
209062,-3,,,,,,,,,,,,,,,,5,9,1,39
209059,-3,,,,,,,,,,,,,,,,2,6,1,50
212986,-3,,,,,,,,,,,,,,,,3,9,-1,21
208643,-2,,,,,,,,,,,,,,,,3,9,1,37
208681,-2,,,,,,,,,,,,,,,,,7,1,29
208697,-2,,,,,,,,,,,,,,,,,8,1,34
208794,-2,,,,,,,,,,,,,,,,4,12,1,43
208796,-2,,,,,,,,,,,,,,,,,4,-1,20
208889,-2,,,,,,,,,,,,,,,,3,5,1,20
208897,-2,,,,,,,,,,,,,,,,1,7,-1,29
208898,-2,,,,,,,,,,,,,,,,2,7,1,27
208964,-2,,,,,,,,,,,,,,,,1,4,-1,43
208959,-2,,,,,,,,,,,,,,,,1,9,-1,27
208980,-2,,,,,,,,,,,,,,,,4,12,1,38
209072,-2,,,,,,,,,,,,,,,,4,13,1,8
209094,-2,,,,,,,,,,,,,,,,4,5,1,63
209127,-2,,,,,,,,,,,,,,,,2,8,-1,27
209159,-2,,,,,,,,,,,,,,,,1,7,-1,21
209154,-2,,,,,,,,,,,,,,,,2,5,-1,19
209290,-2,,,,,,,,,,,,,,,,,8,1,27
209420,-2,,,,,,,,,,,,,,,,4,9,-1,39
209676,-2,,,,,,,,,,,,,,,,4,7,-1,38
210721,-2,,,,,,,,,,,,,,,,3,7,1,28
210863,-2,,,,,,,,,,,,,,,,3,7,1,32
211068,-2,,,,,,,,,,,,,,,,3,7,-1,44
211524,-2,,,,,,,,,,,,,,,,3,7,-1,44
212117,-2,,,,,,,,,,,,,,,,1,9,-1,25
213660,-2,,,,,,,,,,,,,,,,1,7,-1,29
214430,-2,,,,,,,,,,,,,,,,1,7,-1,23
214673,-2,,,,,,,,,,,,,,,,2,12,-1,28
208657,-1,,,,,,,,,,,,,,,,3,5,1,20
208773,-1,,,,,,,,,,,,,,,,,13,-1,19
208779,-1,,,,,,,,,,,,,,,,1,9,1,22
208906,-1,,,,,,,,,,,,,,,,4,7,-1,36
208984,-1,,,,,,,,,,,,,,,,2,4,1,19
209546,-1,,,,,,,,,,,,,,,,5,12,-1,51
211335,-1,,,,,,,,,,,,,,,,4,7,-1,34
211835,-1,,,,,,,,,,,,,,,,2,5,-1,20
208652,0,,,,,,,,,,,,,,,,,4,-1,34
208653,0,,,,,,,,,,,,,,,,,4,1,22
208662,0,,,,,,,,,,,,,,,,,7,1,21
208701,0,,,,,,,,,,,,,,,,1,7,-1,22
208780,0,,,,,,,,,,,,,,,,3,12,1,24
208722,0,,,,,,,,,,,,,,,,,9,-1,23
208814,0,,,,,,,,,,,,,,,,,9,1,21
208853,0,,,,,,,,,,,,,,,,3,4,-1,31
209092,0,,,,,,,,,,,,,,,,,14,-1,26
209235,0,,,,,,,,,,,,,,,,2,7,-1,25
209484,0,,,,,,,,,,,,,,,,2,5,1,23
210607,0,,,,,,,,,,,,,,,,3,5,-1,32
210774,0,,,,,,,,,,,,,,,,3,7,-1,26
210826,0,,,,,,,,,,,,,,,,2,5,-1,33
210889,0,5,,,,,,,,,,,,,,,4,9,1,29
211000,0,,,,,,,,,,,,,,,,2,5,-1,46
210996,0,,,,,,,,,,,,,,,,2,9,-1,23
211399,0,,,,,,,,,,,,,,,,,4,1,19
211428,0,,,,,,,,,,,,,,,,2,7,-1,40
211439,0,,,,,,,,,,,,,,,,4,6,-1,48
211505,0,,,,,,,,,,,,,,,,2,7,1,27
211531,0,,,,,,,,,,,,,,,,2,5,-1,48
211732,0,,,,,,,,,,,,,,,,,12,1,26
211794,0,,,,,,,,,,,,,,,,2,5,-1,23
212037,0,,,,,,,,,,,,,,,,3,3,-1,17
215566,0,,,,,,,,,,,,,,,,2,7,-1,22
208772,1,,,,,,,,,,,,,,,,5,5,-1,38
208907,1,,,,,,,,,,,,,,,,4,5,-1,29
209048,1,,,,,,,,,,,,,,,,3,7,-1,35
211324,1,,,,,,,,,,,,,,,,3,6,1,50
210971,2,,,,,,,,,,,,,,,,1,13,-1,25
208962,2,,,,,,,,,,,,,,,,3,6,-1,29
209796,2,,,,,,,,,,,,,,,,2,5,-1,29
210042,2,,,,,,,,,,,,,,,,,7,-1,27
209051,3,,,,,,,,,,,,,,,,5,7,-1,31
211558,3,,,,,,,,,,,,,,,,3,7,-1,24
211013,1,5,3,4,3,5,4,4,4,5,3,5,4,3,4,4,,7,-1,29
210623,-1,4,3,6,4,6,6,1,3,2,1,5,3,2,1,2,2,6,-1,23
210515,0,2,4,5,4,5,5,4,5,4,2,5,4,2,5,3,1,7,-1,25
215439,1,6,6,4,1,6,6,4,5,6,4,6,5,4,4,6,5,9,-1,59
213782,0,4,3,1,6,4,3,5,2,4,6,6,5,4,4,3,3,9,-1,25
211648,0,4,4,3,3,4,4,4,3,4,3,4,4,4,5,3,,4,-1,21
214018,,4,3,5,6,6,5,6,3,3,6,6,4,5,6,5,1,7,1,24
212591,,6,4,4,4,6,4,4,4,4,4,4,4,4,3,3,,5,1,28
212449,-3,6,6,6,6,6,6,6,5,6,3,6,4,4,4,2,1,3,-1,27
215433,-3,6,6,4,5,5,4,5,6,4,3,5,4,5,3,3,,8,-1,33
211112,-2,5,5,6,5,6,5,4,3,5,5,4,4,2,2,5,1,14,-1,33
211016,0,4,5,5,5,4,5,5,3,4,2,3,5,5,3,4,1,4,1,31
212385,0,6,4,6,6,6,6,6,3,6,3,5,5,6,5,5,2,11,-1,29
214104,-2,6,4,6,3,6,6,4,5,5,4,5,3,4,2,5,1,7,-1,31
214558,0,5,4,4,2,5,4,1,3,2,3,3,1,3,3,2,3,9,1,32
210383,0,5,5,6,5,5,6,4,4,5,2,2,6,5,4,6,,3,-1,24
211041,-1,6,5,6,6,6,4,4,5,2,2,3,3,4,2,4,1,8,-1,31
211734,0,5,3,6,3,5,5,4,5,6,1,3,4,6,5,3,1,13,1,27
210829,0,6,6,6,6,6,6,6,5,5,5,6,6,4,6,2,,5,-1,18
212181,-2,4,4,5,5,5,5,5,3,4,3,5,3,2,5,4,4,9,-1,24
214243,0,3,3,4,3,4,4,3,3,3,1,3,2,3,3,3,2,7,-1,31
209246,-2,5,4,5,5,6,5,5,4,5,3,5,3,2,5,5,4,5,-1,20
212209,0,6,6,6,6,5,5,4,6,4,3,3,5,5,5,6,1,7,-1,21
212909,-1,3,6,4,6,6,4,4,5,4,4,4,2,3,1,1,,7,-1,22
213168,0,6,5,5,5,5,5,5,5,5,4,5,5,5,4,4,1,8,1,42
209275,-2,4,4,5,4,5,4,4,3,3,2,2,2,2,3,3,1,9,1,23
214110,-2,4,5,6,3,6,4,3,4,5,4,3,3,3,3,3,,5,1,21
213323,0,4,5,5,6,6,6,5,3,5,2,6,4,5,5,5,,3,-1,17
213053,,4,5,5,4,4,5,3,6,4,3,4,4,3,4,4,1,9,1,27
212021,-3,5,4,5,4,6,6,4,3,4,2,3,4,4,3,3,4,7,1,43
213130,,6,3,6,6,3,3,1,3,4,3,3,1,2,6,1,,4,-1,20
211059,-3,6,1,6,5,6,6,3,1,6,1,6,6,1,5,3,3,9,-1,39
212846,-3,4,2,2,6,6,6,6,3,6,1,3,1,6,1,1,1,7,-1,29
210469,-2,6,6,6,6,6,5,6,1,4,3,6,6,6,6,6,1,9,-1,35
210953,-2,3,6,6,5,6,6,5,6,4,1,1,5,4,3,4,,3,-1,36
211194,-2,5,4,4,4,5,6,5,6,5,2,4,4,3,4,4,2,7,-1,32
212268,-2,4,3,4,5,4,3,4,5,2,1,2,3,4,2,3,,5,-1,21
212371,-2,6,5,4,5,4,6,6,6,6,5,4,4,6,1,4,2,8,-1,35
212462,-2,6,6,5,6,6,6,4,5,4,5,4,3,2,3,5,5,9,1,41
213709,-2,6,6,6,6,6,6,5,2,5,6,6,6,5,4,3,1,9,-1,54
215310,-2,6,4,6,5,6,6,4,4,3,3,6,3,2,1,3,1,11,-1,31
210977,-1,4,5,4,4,6,4,6,6,5,4,5,4,4,6,5,3,9,-1,32
212499,-1,,4,6,1,6,6,1,3,6,2,4,4,5,2,3,,7,-1,32
212531,-1,2,3,4,3,4,3,3,6,2,1,4,4,4,4,3,1,5,-1,28
215440,-1,4,6,6,6,6,6,6,3,6,3,4,3,6,2,6,3,9,-1,43
210373,0,6,4,6,4,6,5,3,4,4,1,5,6,3,5,3,,8,1,28
210517,0,2,1,1,1,1,1,1,1,1,1,1,1,1,1,1,2,9,-1,55
210624,0,6,6,6,5,5,5,4,6,5,2,3,4,4,5,5,2,5,1,25
210958,0,5,4,6,5,6,5,5,1,5,1,4,4,4,4,5,1,4,-1,25
210995,0,6,4,6,4,6,6,6,5,6,2,4,6,6,4,1,2,9,-1,41
211136,0,6,6,6,4,4,4,4,5,6,4,4,5,5,6,3,,4,1,23
212145,0,6,6,6,5,6,5,6,1,6,3,5,5,5,4,4,3,14,-1,39
212146,0,6,6,6,4,6,4,3,1,3,1,3,6,5,3,4,,11,-1,26
212152,0,1,6,6,6,6,5,4,6,4,4,6,6,6,1,5,1,4,-1,38
212255,0,6,5,6,6,6,6,6,5,6,4,6,5,5,2,4,2,9,-1,42
212432,0,6,6,4,6,6,6,6,4,6,4,4,4,6,6,6,,11,-1,42
212563,0,4,4,6,5,6,6,5,4,4,2,6,5,3,5,6,1,9,-1,33
212673,0,6,4,6,6,6,6,4,1,6,1,6,3,6,1,6,,4,1,20
212818,0,6,4,6,6,6,6,6,1,6,1,5,6,4,3,6,,7,-1,28
215503,0,6,4,6,6,6,4,6,4,4,6,6,6,4,4,6,1,4,-1,37
215540,0,6,5,6,5,6,3,4,5,3,4,3,2,3,2,5,,7,-1,28
210250,1,6,5,6,4,6,4,3,5,4,2,5,3,4,3,6,,4,-1,24
210896,1,6,6,6,6,6,6,6,1,6,1,6,6,6,6,6,2,14,-1,48
212545,1,1,3,1,4,3,5,5,4,6,3,3,4,1,5,1,,4,-1,44
215418,1,6,5,6,5,6,5,4,6,6,6,6,6,5,5,6,1,4,-1,40
210717,2,,6,6,4,6,6,3,1,1,6,1,6,1,1,1,4,14,-1,36
212160,2,6,4,6,5,5,6,6,5,5,4,4,4,4,4,5,5,5,1,63
212204,2,1,6,6,6,6,6,6,6,6,3,6,4,6,3,6,4,7,-1,42
212302,2,5,5,5,4,5,5,4,3,5,3,5,5,5,4,5,,10,-1,30
212583,2,6,,6,5,6,5,5,1,5,2,4,5,5,6,5,2,9,1,41
212172,3,4,1,6,6,6,6,1,2,1,1,6,6,1,1,1,2,5,-1,34
212282,3,1,1,6,3,6,5,5,1,6,6,6,6,4,5,1,2,9,-1,36
212410,3,4,6,6,6,6,6,6,6,6,6,6,6,6,6,1,4,5,-1,28
209403,-2,5,6,5,6,6,4,3,3,4,1,3,3,3,5,5,1,8,1,23
209226,0,6,6,6,5,5,5,4,2,4,3,5,4,4,6,5,2,5,1,33
212330,2,6,3,2,5,6,5,4,1,2,1,1,3,2,3,6,2,9,-1,46
209949,-3,6,4,6,5,6,5,4,5,5,5,4,5,4,5,6,1,5,-1,24
212367,-2,6,6,6,6,6,6,6,6,4,4,6,3,6,5,6,,7,1,20
210087,-2,6,6,6,6,6,6,3,4,3,1,4,1,4,2,5,2,7,-1,30
212596,-1,5,4,6,5,6,6,5,6,6,4,6,4,5,6,5,1,6,1,25
211208,0,6,6,6,6,6,6,6,6,6,6,6,6,6,6,6,5,8,-1,25
211497,0,4,4,6,4,4,4,5,6,4,3,4,6,5,3,6,5,3,-1,41
213059,0,2,4,2,2,4,2,2,1,2,1,2,2,2,2,2,,14,1,39
211148,2,6,3,4,3,5,6,3,6,5,3,4,3,3,3,3,3,5,-1,41
215570,3,6,5,6,6,6,5,4,3,5,3,6,3,3,3,4,3,10,-1,23
209465,0,5,5,6,5,6,6,2,5,6,2,6,4,5,5,4,2,14,1,38
213042,0,1,1,1,1,1,1,1,1,1,1,1,1,1,1,1,1,7,-1,26
212809,-3,6,6,6,6,6,6,6,3,5,6,5,4,4,4,4,2,6,-1,25
210585,,6,6,6,6,6,6,6,1,6,1,6,4,3,3,4,1,7,-1,24
211363,-2,6,4,3,4,6,5,3,4,4,1,6,2,2,1,1,3,12,-1,38
214626,-2,6,6,6,6,6,6,2,2,3,1,6,2,4,3,5,,9,1,26
211916,-1,6,5,3,4,4,4,3,6,5,5,5,2,3,4,3,,7,-1,24
209303,,6,6,6,6,6,6,6,5,6,5,6,6,6,6,6,,,-1,30
215471,-3,6,6,6,6,6,6,4,5,5,4,4,4,5,6,5,2,7,-1,25
213329,-2,5,4,4,6,6,4,3,4,3,5,4,3,3,3,1,3,,1,20
215234,-2,6,4,6,6,6,4,3,1,3,1,5,3,3,5,5,1,12,-1,30
210349,-2,6,5,5,6,6,5,3,2,4,2,2,3,3,2,4,3,9,1,29
210455,-2,4,4,6,6,5,6,5,1,4,1,6,5,3,5,3,2,11,-1,35
211603,-2,6,6,6,6,6,6,3,1,4,1,6,2,2,1,3,4,9,-1,36
211989,-2,6,5,6,5,6,6,5,6,5,5,6,4,5,5,6,4,11,1,35
212857,-2,6,4,6,6,6,6,4,1,3,5,6,2,4,2,2,1,8,-1,24
213115,-2,6,6,6,6,5,6,3,1,6,2,5,3,5,5,3,,7,1,32
210371,-1,6,1,6,5,6,4,3,3,3,1,5,2,2,2,3,2,9,-1,40
213469,-1,6,4,6,6,6,6,5,4,4,4,6,3,6,4,5,1,12,-1,29
214006,0,6,6,6,6,5,6,2,3,3,1,5,4,6,3,5,2,9,-1,28
214593,0,3,6,6,6,6,6,5,2,5,4,5,4,3,6,4,1,9,-1,27
214061,,4,3,6,3,6,6,1,6,4,1,6,4,1,1,6,,4,-1,17
213176,2,6,2,3,2,6,6,5,3,2,2,6,4,6,6,6,1,7,-1,25
209793,0,3,6,6,6,5,3,5,4,6,2,4,6,5,3,3,,5,1,22
210223,0,4,2,6,6,5,6,5,2,3,4,5,5,5,4,5,5,7,1,40
212506,2,5,5,5,6,5,6,1,1,2,5,4,2,4,4,5,,12,1,88
213171,-1,6,5,6,5,6,5,2,4,2,2,5,3,3,2,4,1,13,-1,38
213406,0,6,6,6,6,6,6,4,1,6,1,6,5,4,6,6,1,7,1,38
211698,-2,4,4,5,3,6,3,4,5,4,5,5,4,4,3,6,1,8,-1,30
214919,-2,4,4,4,4,4,4,4,1,4,4,3,4,4,2,4,3,5,1,41
211875,0,6,4,6,6,6,4,1,3,4,4,4,3,4,1,3,1,3,-1,21
213884,0,6,6,6,5,5,5,5,6,4,2,5,4,4,5,5,1,9,-1,30
214169,0,6,6,6,6,6,6,6,6,6,6,1,6,6,6,6,2,4,-1,23
213461,1,5,5,4,4,5,6,3,1,5,1,5,3,3,4,3,,5,-1,34
210586,-2,2,4,6,5,5,4,3,4,3,1,3,4,5,4,3,,9,1,25
211418,-1,5,5,5,5,6,4,2,6,5,2,5,2,5,4,4,2,7,1,24
215006,-2,6,6,6,6,4,4,6,6,6,5,6,6,6,5,6,1,7,-1,23
214099,3,6,6,6,6,6,6,6,6,6,1,6,6,6,6,6,2,7,1,28
212278,-3,6,6,6,6,6,6,5,4,6,1,4,2,1,2,2,2,8,1,30
212826,-3,6,4,6,6,6,6,6,4,6,6,6,6,6,6,6,,5,,37
212088,0,3,4,6,6,6,5,5,6,6,5,4,3,4,1,5,1,7,1,28
214226,0,4,6,6,6,5,6,6,6,6,3,6,6,6,6,6,1,5,-1,32
212012,-2,6,6,6,6,6,6,6,1,6,6,6,6,6,6,6,2,7,-1,29
212039,-1,6,5,6,6,6,6,2,1,1,1,4,5,3,3,3,2,9,-1,32
212317,0,6,2,6,6,4,6,6,3,6,4,4,5,4,2,1,3,7,-1,31
212550,0,6,3,3,3,6,3,4,2,6,4,6,3,6,3,1,,11,-1,29
215352,0,4,6,5,5,5,6,3,4,5,6,6,5,5,6,2,3,7,-1,24
209844,1,6,6,6,6,6,6,5,2,4,1,6,4,4,5,4,4,11,-1,44
210359,1,6,4,5,4,6,5,4,3,6,4,4,5,6,5,4,1,12,-1,30
212618,0,4,6,6,3,3,3,3,5,5,6,5,1,5,3,4,4,14,1,27
209612,0,6,6,6,5,6,6,5,3,4,3,5,4,6,6,6,3,11,1,28
213882,-1,5,5,5,5,5,5,5,5,5,2,5,5,4,5,5,1,7,1,22
210128,0,6,5,6,5,4,6,6,4,6,3,5,4,6,6,2,2,7,-1,28
211527,0,6,1,3,4,6,6,4,1,6,1,4,3,1,3,6,5,5,-1,28
212606,0,6,6,6,3,5,5,5,4,5,3,5,5,4,6,5,3,9,1,39
214432,0,3,5,6,6,3,4,3,2,4,2,4,3,3,3,5,,7,1,21
213689,0,6,5,4,6,5,6,3,3,5,2,4,2,5,2,6,2,9,-1,31
211113,,3,6,6,6,6,6,6,4,5,3,5,6,5,6,6,,5,1,20
212112,,6,4,4,4,6,6,2,1,2,1,3,4,3,5,3,1,7,-1,26
213972,-2,3,5,6,6,5,5,3,1,2,1,5,4,4,5,3,4,7,1,31
213908,0,6,6,6,6,6,6,5,1,1,1,4,4,2,3,6,3,8,1,33
214298,-3,5,5,4,4,5,5,4,4,3,4,4,3,5,3,6,,4,1,24
211244,,6,4,6,6,6,4,5,3,4,2,6,4,6,5,5,,2,1,36
214242,-3,6,6,6,6,6,6,6,2,6,1,6,5,6,5,6,1,9,1,27
210786,0,6,6,6,6,6,6,6,1,6,1,6,4,3,5,1,,4,1,59
211403,0,6,6,6,4,6,6,2,3,2,3,5,2,4,3,4,1,5,1,35
210730,-2,,,,,,,,,,,,,,,,5,7,-1,20
211636,0,,,,,,,,,,,,,,,,2,7,1,41
209084,3,,,,,,,,,,,,,,,,2,1,-1,8
212212,,,,,,,,,,,,,,,,,,9,1,32
210817,-3,,,,,,,,,,,,,,,,1,13,-1,32
212213,-3,,,,,,,,,,,,,,,,1,9,-1,25
212429,-3,,,,,,,,,,,,,,,,,3,1,38
210913,-2,,,,,,,,,,,,,,,,,13,-1,32
212308,-2,,,,,,,,,,,,,,,,2,9,-1,54
215318,-2,,,,,,,,,,,,,,,,1,5,1,25
210804,-1,,,,,,,,,,,,,,,,1,9,1,26
211070,-1,,,,,,,,,,,,,,,,1,4,-1,50
212628,0,,,,,,,,,,,,,,,,,5,-1,21
212511,1,,,,,,,,,,,,,,,,,4,1,19
215339,-3,,,,,,,,,,,,,,,,,12,1,39
214723,-2,,,,,,,,,,,,,,,,3,7,-1,30
209152,2,,,,,,,,,,,,,,,,3,5,1,44
208966,-1,,,,,,,,,,,,,,,,1,9,-1,29
212956,0,,,,,,,,,,,,,,,,3,12,-1,48
208671,-3,,,,,,,,,,,,,,,,,9,-1,42
209130,0,,,,,,,,,,,,,,,,4,9,-1,35
209431,0,,,,,,,,,,,,,,,,2,7,-1,28
210676,0,,,,,,,,,,,,,,,,3,9,-1,27
213071,0,,,,,,,,,,,,,,,,1,7,-1,26
212927,-2,,,,,,,,,,,,,,,,1,7,-1,25
211926,-2,,,,,,,,,,,,,,,,1,7,-1,26
212465,-2,,,,,,,,,,,,,,,,1,8,-1,29
208891,-1,,,,,,,,,,,,,,,,3,7,-1,25
209058,-3,,,,,,,,,,,,,,,,,7,1,23
212626,0,,,,,,,,,,,,,,,,,5,1,19
209166,-2,,,,,,,,,,,,,,,,2,9,1,29
209238,0,,,,,,,,,,,,,,,,4,8,-1,31
213035,0,,,,,,,,,,,,,,,,1,5,-1,35
208752,,,,,,,,,,,,,,,,,4,9,1,26
208805,0,,,,,,,,,,,,,,,,1,7,1,30
208841,0,,,,,,,,,,,,,,,,2,4,-1,24
209019,-2,,,,,,,,,,,,,,,,1,8,-1,53
214165,-2,6,5,4,4,6,5,3,6,4,2,6,2,4,4,6,2,4,1,35
210540,0,5,5,6,5,5,4,6,6,4,3,5,4,3,4,5,,7,-1,29
210458,-3,6,6,4,6,6,5,3,5,4,1,1,4,3,5,4,4,5,-1,34
214010,-3,5,4,2,6,5,5,2,3,2,2,6,2,3,3,4,2,8,-1,41
214188,-2,4,4,4,5,6,6,4,2,5,5,4,3,5,4,5,,9,-1,37
215100,,5,6,6,6,6,6,4,6,2,3,2,5,4,1,4,,9,1,25
213318,-3,6,4,4,6,5,5,3,3,5,1,3,2,3,2,4,,7,1,37
215484,0,4,4,6,5,6,6,4,4,4,1,4,4,4,4,4,2,9,-1,26
212029,0,4,6,6,4,6,5,5,4,6,4,4,5,6,6,5,1,4,-1,32
214525,-2,6,2,4,4,6,5,4,5,4,2,6,5,4,1,5,5,7,-1,20
209801,1,5,5,5,5,5,5,4,1,3,3,5,3,4,5,5,3,5,-1,37
212372,,5,5,6,5,5,5,6,5,4,4,5,5,5,4,6,4,9,,42
214860,-3,6,6,6,6,6,6,4,2,5,5,5,2,4,2,5,1,5,1,48
209835,-2,6,4,4,5,5,5,4,4,4,2,4,3,5,4,5,1,5,-1,23
210434,-1,6,6,6,6,6,6,5,5,5,3,4,6,4,6,4,,5,-1,19
209300,-2,5,5,5,5,5,5,5,4,4,4,5,4,4,4,5,2,5,1,23
212901,-1,6,6,6,6,6,6,5,6,5,6,6,4,5,5,6,1,5,-1,20
210237,0,5,4,4,4,4,5,4,3,4,3,4,3,3,4,4,3,13,-1,20
209316,-3,6,6,6,6,6,6,4,4,3,1,5,4,3,2,5,3,7,1,35
211332,-2,6,6,6,6,6,6,5,6,6,1,3,2,4,4,4,2,13,1,37
209276,-1,6,5,6,3,6,5,5,2,4,2,3,5,2,3,3,1,4,1,20
215479,-3,5,4,6,6,5,4,4,4,4,2,3,3,4,3,3,3,8,-1,26
210675,0,6,6,6,6,6,6,6,4,6,4,,6,4,6,6,1,13,-1,23
210895,0,4,5,5,6,5,4,4,6,5,4,4,4,4,3,3,,14,-1,38
211647,0,1,5,5,6,6,5,5,5,5,4,3,4,5,4,5,1,9,1,27
211487,-2,6,5,6,5,6,4,6,6,3,2,5,4,1,6,1,,6,-1,33
209720,0,5,4,5,6,5,6,2,4,3,2,4,2,4,5,5,1,12,-1,32
210707,2,5,5,5,5,4,6,3,2,6,4,5,5,3,6,3,,9,1,30
212068,-3,6,6,6,6,6,6,4,5,5,3,5,2,4,2,4,3,7,1,31
212150,,5,5,5,5,5,2,4,4,5,2,3,4,2,3,3,,4,1,18
212056,0,6,4,5,,6,6,4,4,4,3,4,3,3,1,3,3,9,-1,50
209724,,6,6,6,6,6,6,4,5,6,1,2,4,2,2,5,,7,1,23
210220,,5,5,6,5,5,6,4,6,6,3,5,5,5,4,5,4,4,1,21
211199,-3,6,6,5,5,6,6,4,4,4,1,4,3,3,2,4,4,13,-1,30
210078,-2,2,6,6,6,6,6,4,3,6,1,4,5,6,6,6,4,5,-1,50
210380,-2,5,4,6,4,3,3,4,4,5,3,4,5,3,2,3,3,7,1,41
210591,-1,1,3,6,6,5,6,2,1,3,4,6,2,2,6,5,,12,-1,32
210773,-1,4,5,5,5,4,5,4,6,4,4,5,4,3,5,5,3,7,-1,26
214160,-1,6,5,5,5,6,5,3,5,4,4,6,3,3,2,5,4,11,-1,39
210573,0,6,4,6,4,6,3,3,4,3,4,3,3,3,2,4,,7,1,19
212839,0,6,5,6,5,6,5,4,4,4,5,6,4,3,4,5,3,7,1,39
212860,0,6,4,4,4,6,5,3,4,2,1,5,3,3,4,4,1,13,1,23
214412,0,3,4,6,6,6,5,5,4,6,1,6,6,5,4,5,3,8,-1,30
214825,0,5,5,5,5,5,5,5,5,5,5,4,5,5,5,5,2,7,1,28
215105,0,6,5,4,4,2,5,3,3,4,3,3,1,3,4,5,4,3,1,34
212400,2,6,3,6,5,6,6,2,6,5,2,6,5,5,4,5,,9,-1,30
209392,,6,6,6,4,4,5,3,4,3,4,4,2,5,4,4,1,7,-1,28
210171,,5,4,3,6,6,6,2,1,2,1,5,1,2,2,5,,7,1,29
213826,,6,4,5,5,6,4,3,1,5,1,5,4,2,4,4,,5,-1,23
209407,-3,4,4,6,3,5,4,3,3,4,4,4,2,4,2,5,1,8,1,24
209951,-3,6,6,6,6,6,6,1,1,3,1,5,5,1,2,1,1,7,-1,20
211993,-3,5,6,5,6,6,6,3,5,4,3,5,2,4,5,5,1,7,1,23
213211,-3,6,6,6,6,6,6,4,1,4,4,6,5,5,6,6,3,12,-1,63
213853,-3,4,5,6,6,6,5,3,6,4,1,6,3,3,3,4,1,7,-1,34
214897,-3,6,5,6,6,6,6,5,5,5,1,5,2,4,5,6,,7,1,27
215237,-3,6,5,6,6,6,5,5,4,4,6,4,4,4,5,4,1,5,1,51
209394,-2,6,4,6,5,6,4,5,4,4,3,4,3,4,2,4,5,5,1,48
209397,-2,4,3,4,6,5,6,3,4,2,2,4,2,3,4,4,1,9,-1,32
209425,-2,5,4,4,4,5,5,4,4,4,2,4,4,4,4,5,2,5,1,27
209615,-2,2,3,6,6,6,6,2,2,1,4,4,4,3,5,4,3,14,-1,32
211980,-2,6,5,5,5,5,6,3,5,6,1,5,4,3,3,3,4,8,1,60
213696,-2,6,5,4,6,6,6,5,3,6,2,6,4,4,4,4,4,8,-1,26
213724,-2,6,4,6,3,6,6,2,1,1,4,3,5,1,2,2,1,7,1,25
213829,-2,5,5,4,4,6,4,4,4,5,3,4,3,4,3,4,4,5,1,29
213934,-2,6,6,6,6,6,6,4,3,6,1,5,4,2,6,2,3,7,1,28
210452,-1,5,4,6,4,4,4,3,2,2,3,2,3,2,2,5,3,13,1,34
209200,-1,6,5,4,4,5,4,4,2,4,2,3,2,4,5,5,,5,1,19
213232,-1,6,2,6,6,4,5,6,6,4,6,6,6,6,6,6,3,9,1,25
209790,0,4,4,5,5,4,6,5,4,3,2,6,4,3,4,5,3,3,-1,19
210252,0,4,4,6,5,6,3,4,1,5,1,6,6,4,3,3,4,3,-1,17
210346,0,6,5,6,5,5,5,4,4,3,1,4,3,4,3,6,5,9,-1,27
210463,0,4,6,6,6,5,6,5,1,4,1,6,4,5,5,4,,5,1,38
210650,0,6,4,6,4,6,6,4,1,2,2,6,5,2,2,6,,7,-1,46
213281,0,5,4,4,5,5,4,4,4,4,4,5,4,5,4,5,,5,1,22
213703,0,6,6,6,6,6,6,6,1,6,1,6,6,3,4,4,2,7,-1,21
215330,0,5,3,3,2,2,2,4,2,3,2,3,1,2,2,3,2,5,-1,28
210219,,1,6,6,5,6,4,4,3,4,2,6,3,2,6,6,3,7,-1,26
210270,-3,6,5,5,6,6,6,4,5,4,3,5,2,4,2,4,2,7,-1,44
215109,-3,6,5,6,4,6,5,2,2,2,1,5,2,4,2,5,3,8,-1,49
212841,-2,4,4,6,5,4,3,3,5,4,5,5,3,3,5,3,3,4,1,36
212985,-2,6,5,5,5,6,6,5,1,5,1,5,5,2,1,5,5,4,-1,38
214126,-2,6,5,5,4,5,6,3,3,5,3,5,2,2,4,4,1,9,1,30
209942,-1,4,4,4,6,5,5,5,3,2,1,4,1,2,4,4,3,4,-1,23
210497,-1,5,4,6,4,4,5,3,4,1,1,5,4,4,5,3,2,3,-1,19
211240,-1,6,3,6,5,6,6,2,1,3,3,4,3,3,4,3,4,9,1,31
212574,-1,3,3,5,2,3,3,2,4,4,2,5,4,4,3,5,2,5,-1,24
210176,0,5,3,6,5,6,2,4,5,5,2,5,5,2,2,3,3,6,-1,23
212914,0,6,4,5,6,6,6,2,1,3,6,6,1,2,2,3,5,8,-1,36
210543,1,6,3,6,4,5,4,5,6,4,4,5,2,3,2,4,4,8,-1,21
210571,-3,6,5,6,6,6,4,1,1,4,1,5,1,4,3,5,4,7,-1,63
213571,2,6,6,6,4,6,6,5,4,5,1,5,5,5,6,5,4,,1,41
212920,1,6,6,6,4,6,6,1,3,3,6,5,1,1,1,6,3,8,1,39
212598,-3,6,6,6,6,6,6,5,2,5,3,2,3,2,2,2,2,7,1,37
215350,-3,6,6,6,5,6,4,3,2,2,1,4,4,3,2,5,3,11,-1,49
211513,-2,6,4,6,5,6,6,4,3,4,4,6,4,2,2,3,5,7,1,38
211844,-2,6,6,5,5,5,6,4,3,5,2,2,3,3,2,4,,8,1,22
211696,-2,6,4,6,5,5,5,3,4,4,3,6,3,4,5,4,4,9,1,33
210483,-1,5,3,5,6,5,6,4,4,5,3,3,3,4,4,3,2,9,-1,27
211036,-1,6,6,5,5,5,5,3,6,5,4,5,2,2,1,3,3,7,-1,29
211963,-1,4,2,1,2,3,3,3,1,1,2,2,2,3,3,5,2,5,1,37
210249,0,6,6,4,4,5,4,4,4,3,1,4,2,6,2,6,3,12,1,32
214500,0,6,6,6,6,6,6,2,5,5,1,4,3,3,1,3,,4,1,20
211877,1,5,6,6,6,4,6,6,1,6,1,4,6,5,6,5,1,7,-1,20
214254,1,5,4,6,4,4,5,5,4,5,4,1,3,5,3,5,,8,1,20
209754,2,6,6,6,6,6,6,6,1,6,1,6,4,6,4,4,,9,1,29
211322,2,5,4,6,5,5,5,6,4,6,4,6,6,3,4,4,1,9,-1,25
211201,-3,5,6,6,6,6,6,5,6,5,2,5,5,5,3,6,,13,1,40
210973,-3,4,4,5,6,6,6,2,5,2,5,4,2,4,1,2,2,7,1,32
212450,-2,6,6,6,4,6,6,4,4,6,3,4,4,4,3,3,2,10,-1,36
215559,0,5,5,5,5,5,5,5,2,4,3,5,5,3,5,4,1,5,-1,31
210570,-3,6,5,6,6,6,6,5,6,5,1,4,3,4,4,3,1,5,1,24
210714,-3,6,6,6,6,6,6,2,2,1,6,6,1,6,3,6,2,5,-1,28
211415,-2,6,5,5,6,6,6,5,5,5,3,4,4,5,4,3,,5,1,22
213432,-2,4,3,6,6,5,5,3,4,2,3,3,2,3,2,4,1,7,1,27
213651,-2,6,6,5,5,5,5,5,1,5,4,3,5,2,4,4,,4,-1,21
214710,-2,6,5,5,6,6,5,4,2,3,1,4,4,3,2,5,1,9,1,25
212966,-1,3,3,5,4,4,4,3,3,2,2,4,4,2,5,1,3,13,-1,29
214724,-1,6,6,6,6,6,5,6,1,3,3,4,3,5,6,6,1,9,-1,26
215400,-1,4,3,5,5,4,5,3,3,4,5,4,3,5,4,2,1,7,-1,25
209688,-2,6,5,5,5,6,6,1,5,5,1,5,5,5,1,4,3,9,-1,41
212560,-2,6,4,6,4,6,4,4,6,4,1,4,2,6,6,6,2,12,1,31
211579,-1,4,3,6,3,3,5,3,3,4,1,3,1,5,3,4,2,8,-1,39
215140,-1,6,4,6,6,6,6,1,1,1,1,4,2,3,2,4,5,12,-1,39
211144,,4,3,4,5,6,6,2,3,3,,1,2,1,2,3,,,1,38
211637,-3,4,1,4,6,5,6,2,6,3,3,3,1,5,6,4,4,9,1,27
213051,-3,6,4,5,5,6,6,4,4,3,4,4,2,5,2,5,1,8,-1,37
213080,-3,6,4,6,3,6,6,6,1,6,1,4,1,6,4,6,1,9,-1,34
214638,-3,5,4,6,5,6,5,5,6,5,2,5,4,4,4,4,1,8,1,28
211806,-2,4,5,5,6,6,6,6,4,6,6,6,3,6,5,4,1,7,-1,24
212659,-2,5,4,3,4,5,5,2,2,3,4,2,2,2,1,5,2,12,-1,37
213079,-1,6,5,5,4,4,6,3,2,3,5,4,4,3,4,5,1,13,-1,19
210991,0,6,1,4,6,6,6,6,1,6,1,4,5,6,6,6,,7,1,26
213916,1,6,6,6,6,6,6,5,6,6,6,6,6,6,5,6,,7,1,29
210390,-2,2,2,3,3,4,5,4,3,4,1,4,3,2,3,2,,7,-1,23
211060,-3,6,6,6,6,5,6,3,3,5,1,5,3,2,1,2,1,12,-1,31
211673,-2,5,4,6,4,4,4,4,1,3,4,4,5,2,2,4,4,12,1,46
210994,-2,6,6,5,6,4,6,3,2,3,2,4,4,3,4,3,2,5,-1,31
211067,-2,6,6,6,6,6,5,4,1,4,6,4,1,6,3,6,2,7,-1,37
211285,-2,6,6,6,6,6,6,6,5,5,4,5,2,6,6,6,2,8,-1,33
214410,-2,6,6,6,5,6,6,4,1,4,1,4,4,3,2,5,,7,-1,25
214594,-2,5,5,4,6,6,6,3,4,2,2,5,3,2,2,3,4,7,1,35
215384,-2,6,6,2,6,6,4,4,5,3,4,6,3,3,4,3,4,9,-1,29
215383,-2,5,4,5,5,6,4,2,4,3,2,4,3,4,2,4,4,9,-1,44
215427,-2,6,6,6,4,6,6,4,1,4,1,5,4,5,4,4,4,8,1,37
209827,-1,6,4,6,6,5,4,4,2,3,2,4,4,2,2,2,4,8,-1,32
210665,-1,6,5,6,4,5,5,3,5,3,1,4,4,2,3,3,3,9,1,34
211486,-1,5,4,5,3,3,4,2,4,2,3,3,3,4,3,4,3,7,-1,23
209617,0,6,6,6,6,6,6,4,4,6,6,4,3,3,4,3,,5,1,35
210528,0,4,5,4,5,4,5,5,6,6,1,4,4,3,2,3,5,9,-1,45
215434,0,4,4,5,4,5,5,3,3,4,3,5,3,4,4,3,2,7,-1,29
215504,0,6,6,6,6,6,6,6,4,6,4,4,6,6,6,6,4,7,-1,20
209323,1,6,5,5,6,5,4,5,3,5,3,3,3,3,3,4,1,7,-1,27
210689,2,6,4,6,6,6,6,6,3,5,4,6,4,3,3,3,2,5,-1,25
214865,3,4,4,5,2,5,6,3,5,6,1,2,4,6,5,5,4,8,1,59
214609,,6,6,6,6,6,6,5,6,,5,6,5,4,3,5,2,4,1,52
213866,-3,6,6,6,6,6,6,3,2,6,1,6,4,2,2,6,1,12,-1,44
211422,-2,5,4,5,5,4,4,3,3,2,2,4,2,4,2,2,2,13,-1,43
214236,-2,6,6,6,6,6,5,6,1,4,3,6,3,5,2,3,3,9,-1,49
215387,-1,5,4,6,6,6,5,2,4,2,2,4,2,2,2,2,3,8,-1,33
209257,-1,4,5,6,5,6,6,3,4,6,1,6,1,3,1,4,3,7,-1,26
211006,-3,5,6,5,6,5,6,4,3,6,3,3,3,4,5,5,4,5,1,19
214387,-2,6,6,6,6,6,6,6,5,5,2,6,5,6,3,5,,4,1,21
211342,-1,4,3,6,5,6,5,3,4,2,3,6,3,2,4,3,1,7,-1,24
214581,-3,6,6,4,4,6,6,2,3,6,1,3,2,6,3,4,1,12,1,27
210814,-2,6,5,6,6,6,5,2,4,3,3,4,4,3,2,3,,12,1,31
214549,3,3,6,6,5,6,6,1,4,6,1,4,1,6,1,6,3,12,-1,31
214237,-2,5,4,6,5,6,5,2,5,2,1,3,2,2,2,4,3,9,-1,37
209061,0,,,,,,,,,,,,,,,,5,3,-1,34
208975,-3,,,,,,,,,,,,,,,,2,8,1,26
213336,-3,,,,,,,,,,,,,,,,,8,1,24
208866,-2,,,,,,,,,,,,,,,,3,9,-1,35
208699,-1,,,,,,,,,,,,,,,,4,5,-1,19
208892,-1,,,,,,,,,,,,,,,,2,7,-1,31
213895,0,,,,,,,,,,,,,,,,2,4,-1,32
208915,2,,,,,,,,,,,,,,,,3,8,-1,24
210051,,,,,,,,,,,,,,,,,4,7,1,19
210762,1,,,,,,,,,,,,,,,,4,7,-1,44
208826,2,,,,,,,,,,,,,,,,4,9,1,76
213207,,,,,,,,,,,,,,,,,,4,1,19
214351,-3,,,,,,,,,,,,,,,,3,9,-1,61
208817,-2,,,,,,,,,,,,,,,,1,9,-1,27
209075,-2,,,,,,,,,,,,,,,,1,7,-1,24
209124,-2,,,,,,,,,,,,,,,,1,8,1,27
209498,-2,,,,,,,,,,,,,,,,4,7,-1,22
208749,0,,,,,,,,,,,,,,,,,9,1,27
215040,0,,,,,,,,,,,,,,,,1,8,-1,27
208873,1,,,,,,,,,,,,,,,,,9,-1,29
210712,,,,,,,,,,,,,,,,,,12,-1,29
208894,-3,,,,,,,,,,,,,,,,,4,-1,20
210917,-3,,,,,,,,,,,,,,,,,3,-1,42
210072,-2,,,,,,,,,,,,,,,,1,12,1,30
208831,-1,,,,,,,,,,,,,,,,,9,1,26
209118,-2,,,,,,,,,,,,,,,,1,9,-1,32
209087,1,,,,,,,,,,,,,,,,,4,1,26
210997,-3,,,,,,,,,,,,,,,,1,9,-1,35
213654,-2,,,,,,,,,,,,,,,,,9,-1,25
211455,-1,,,,,,,,,,,,,,,,2,7,-1,39
214229,-2,,,,,,,,,,,,,,,,,5,1,32
208784,-3,,,,,,,,,,,,,,,,4,3,-1,19
210790,-3,,,,,,,,,,,,,,,,2,7,1,29
210643,0,,,,,,,,,,,,,,,,,5,1,27
208661,-3,,,,,,,,,,,,,,,,1,4,1,25
208761,-2,,,,,,,,,,,,,,,,1,9,-1,26
213160,-3,,,,,,,,,,,,,,,,3,11,1,28
210920,,,,,,,,,,,,,,,,,,12,1,28
